card_id,primary_family,compatible_family,chord,note,pitch_class,note_in_chord,fit,fit_band,fit_description
C-0001,C major,C major,C/E/G,C4,0,true,0.7000000000000001,works as a soft lead into,"works as a soft lead into C major — tonic / home harmony, and resolves cleanly to the home chord."
C-0001,C major,F major,F/A/C,C4,0,true,0.65,works as a soft lead into,"works as a soft lead into F major — subdominant / supportive lift harmony, and feels like a supportive lift before a return."
C-0001,C major,G major,G/B/D,C4,0,false,0.65,works as a soft lead into,"works as a soft lead into G major — dominant / forward pull harmony, and pushes the phrase forward toward a strong resolution."
C-0001,C major,D minor,D/F/A,C4,0,false,0.65,works as a soft lead into,"works as a soft lead into D minor — relative minor / reflective return harmony, and leans toward a reflective, grounding resolution."
C-0002,C major,C major,C/E/G,C4,0,true,0.7000000000000001,works as a soft lead into,"works as a soft lead into C major — tonic / home harmony, and resolves cleanly to the home chord."
C-0002,C major,F major,F/A/C,C4,0,true,0.65,works as a soft lead into,"works as a soft lead into F major — subdominant / supportive lift harmony, and feels like a supportive lift before a return."
C-0002,C major,G major,G/B/D,C4,0,false,0.65,works as a soft lead into,"works as a soft lead into G major — dominant / forward pull harmony, and pushes the phrase forward toward a strong resolution."
C-0002,C major,D minor,D/F/A,C4,0,false,0.65,works as a soft lead into,"works as a soft lead into D minor — relative minor / reflective return harmony, and leans toward a reflective, grounding resolution."
C-0003,C major,C major,C/E/G,C4,0,true,0.7000000000000001,works as a soft lead into,"works as a soft lead into C major — tonic / home harmony, and resolves cleanly to the home chord."
C-0003,C major,F major,F/A/C,C4,0,true,0.65,works as a soft lead into,"works as a soft lead into F major — subdominant / supportive lift harmony, and feels like a supportive lift before a return."
C-0003,C major,G major,G/B/D,C4,0,false,0.65,works as a soft lead into,"works as a soft lead into G major — dominant / forward pull harmony, and pushes the phrase forward toward a strong resolution."
C-0003,C major,D minor,D/F/A,C4,0,false,0.65,works as a soft lead into,"works as a soft lead into D minor — relative minor / reflective return harmony, and leans toward a reflective, grounding resolution."
C-0004,C major,C major,C/E/G,C4,0,true,0.7000000000000001,works as a soft lead into,"works as a soft lead into C major — tonic / home harmony, and resolves cleanly to the home chord."
C-0004,C major,F major,F/A/C,C4,0,true,0.65,works as a soft lead into,"works as a soft lead into F major — subdominant / supportive lift harmony, and feels like a supportive lift before a return."
C-0004,C major,G major,G/B/D,C4,0,false,0.65,works as a soft lead into,"works as a soft lead into G major — dominant / forward pull harmony, and pushes the phrase forward toward a strong resolution."
C-0004,C major,D minor,D/F/A,C4,0,false,0.65,works as a soft lead into,"works as a soft lead into D minor — relative minor / reflective return harmony, and leans toward a reflective, grounding resolution."
C-0005,C major,C major,C/E/G,C4,0,true,1.0,strongly resolves to,"strongly resolves to C major — tonic / home harmony, and resolves cleanly to the home chord."
C-0005,C major,F major,F/A/C,C4,0,true,0.95,strongly resolves to,"strongly resolves to F major — subdominant / supportive lift harmony, and feels like a supportive lift before a return."
C-0005,C major,G major,G/B/D,C4,0,false,0.35,barely fits,"barely fits G major — dominant / forward pull harmony, and pushes the phrase forward toward a strong resolution."
C-0005,C major,D minor,D/F/A,C4,0,false,0.35,barely fits,"barely fits D minor — relative minor / reflective return harmony, and leans toward a reflective, grounding resolution."
C-0006,C major,C major,C/E/G,E4,4,true,1.0,strongly resolves to,"strongly resolves to C major — tonic / home harmony, and resolves cleanly to the home chord."
C-0006,C major,F major,F/A/C,E4,4,false,0.35,barely fits,"barely fits F major — subdominant / supportive lift harmony, and feels like a supportive lift before a return."
C-0006,C major,G major,G/B/D,E4,4,false,0.35,barely fits,"barely fits G major — dominant / forward pull harmony, and pushes the phrase forward toward a strong resolution."
C-0006,C major,D minor,D/F/A,E4,4,false,0.35,barely fits,"barely fits D minor — relative minor / reflective return harmony, and leans toward a reflective, grounding resolution."
C-0007,C major,C major,C/E/G,G4,7,true,1.0,strongly resolves to,"strongly resolves to C major — tonic / home harmony, and resolves cleanly to the home chord."
C-0007,C major,F major,F/A/C,G4,7,false,0.35,barely fits,"barely fits F major — subdominant / supportive lift harmony, and feels like a supportive lift before a return."
C-0007,C major,G major,G/B/D,G4,7,true,0.95,strongly resolves to,"strongly resolves to G major — dominant / forward pull harmony, and pushes the phrase forward toward a strong resolution."
C-0007,C major,D minor,D/F/A,G4,7,false,0.35,barely fits,"barely fits D minor — relative minor / reflective return harmony, and leans toward a reflective, grounding resolution."
C-0008,C major,C major,C/E/G,B4,11,false,0.4,barely fits,"barely fits C major — tonic / home harmony, and resolves cleanly to the home chord."
C-0008,C major,G major,G/B/D,B4,11,true,0.95,strongly resolves to,"strongly resolves to G major — dominant / forward pull harmony, and pushes the phrase forward toward a strong resolution."
C-0009,C major,C major,C/E/G,D4,2,false,0.4,barely fits,"barely fits C major — tonic / home harmony, and resolves cleanly to the home chord."
C-0009,C major,F major,F/A/C,D4,2,false,0.35,barely fits,"barely fits F major — subdominant / supportive lift harmony, and feels like a supportive lift before a return."
C-0009,C major,G major,G/B/D,D4,2,true,0.95,strongly resolves to,"strongly resolves to G major — dominant / forward pull harmony, and pushes the phrase forward toward a strong resolution."
C-0009,C major,D minor,D/F/A,D4,2,true,0.95,strongly resolves to,"strongly resolves to D minor — relative minor / reflective return harmony, and leans toward a reflective, grounding resolution."
C-0010,C major,C major,C/E/G,F4,5,false,0.4,barely fits,"barely fits C major — tonic / home harmony, and resolves cleanly to the home chord."
C-0010,C major,F major,F/A/C,F4,5,true,0.95,strongly resolves to,"strongly resolves to F major — subdominant / supportive lift harmony, and feels like a supportive lift before a return."
C-0010,C major,D minor,D/F/A,F4,5,true,0.95,strongly resolves to,"strongly resolves to D minor — relative minor / reflective return harmony, and leans toward a reflective, grounding resolution."
C-0011,C major,C major,C/E/G,A4,9,false,0.4,barely fits,"barely fits C major — tonic / home harmony, and resolves cleanly to the home chord."
C-0011,C major,F major,F/A/C,A4,9,true,0.95,strongly resolves to,"strongly resolves to F major — subdominant / supportive lift harmony, and feels like a supportive lift before a return."
C-0011,C major,G major,G/B/D,A4,9,false,0.35,barely fits,"barely fits G major — dominant / forward pull harmony, and pushes the phrase forward toward a strong resolution."
C-0011,C major,D minor,D/F/A,A4,9,true,0.95,strongly resolves to,"strongly resolves to D minor — relative minor / reflective return harmony, and leans toward a reflective, grounding resolution."
C-0012,C major,C major,C/E/G,B4,11,false,0.4,barely fits,"barely fits C major — tonic / home harmony, and resolves cleanly to the home chord."
C-0012,C major,G major,G/B/D,B4,11,true,0.95,strongly resolves to,"strongly resolves to G major — dominant / forward pull harmony, and pushes the phrase forward toward a strong resolution."
C-0013,C major,C major,C/E/G,C4,0,true,0.675,works as a soft lead into,"works as a soft lead into C major — tonic / home harmony, and resolves cleanly to the home chord."
C-0013,C major,C major,C/E/G,D4,2,false,0.675,works as a soft lead into,"works as a soft lead into C major — tonic / home harmony, and resolves cleanly to the home chord."
C-0013,C major,F major,F/A/C,C4,0,true,0.625,works as a soft lead into,"works as a soft lead into F major — subdominant / supportive lift harmony, and feels like a supportive lift before a return."
C-0013,C major,F major,F/A/C,D4,2,false,0.625,works as a soft lead into,"works as a soft lead into F major — subdominant / supportive lift harmony, and feels like a supportive lift before a return."
C-0013,C major,G major,G/B/D,C4,0,false,0.675,works as a soft lead into,"works as a soft lead into G major — dominant / forward pull harmony, and pushes the phrase forward toward a strong resolution."
C-0013,C major,G major,G/B/D,D4,2,true,0.675,works as a soft lead into,"works as a soft lead into G major — dominant / forward pull harmony, and pushes the phrase forward toward a strong resolution."
C-0013,C major,D minor,D/F/A,C4,0,false,0.675,works as a soft lead into,"works as a soft lead into D minor — relative minor / reflective return harmony, and leans toward a reflective, grounding resolution."
C-0013,C major,D minor,D/F/A,D4,2,true,0.675,works as a soft lead into,"works as a soft lead into D minor — relative minor / reflective return harmony, and leans toward a reflective, grounding resolution."
C-0014,C major,C major,C/E/G,E4,4,true,0.675,works as a soft lead into,"works as a soft lead into C major — tonic / home harmony, and resolves cleanly to the home chord."
C-0014,C major,C major,C/E/G,D4,2,false,0.675,works as a soft lead into,"works as a soft lead into C major — tonic / home harmony, and resolves cleanly to the home chord."
C-0014,C major,F major,F/A/C,E4,4,false,0.35,barely fits,"barely fits F major — subdominant / supportive lift harmony, and feels like a supportive lift before a return."
C-0014,C major,F major,F/A/C,D4,2,false,0.35,barely fits,"barely fits F major — subdominant / supportive lift harmony, and feels like a supportive lift before a return."
C-0014,C major,G major,G/B/D,E4,4,false,0.675,works as a soft lead into,"works as a soft lead into G major — dominant / forward pull harmony, and pushes the phrase forward toward a strong resolution."
C-0014,C major,G major,G/B/D,D4,2,true,0.675,works as a soft lead into,"works as a soft lead into G major — dominant / forward pull harmony, and pushes the phrase forward toward a strong resolution."
C-0014,C major,D minor,D/F/A,E4,4,false,0.675,works as a soft lead into,"works as a soft lead into D minor — relative minor / reflective return harmony, and leans toward a reflective, grounding resolution."
C-0014,C major,D minor,D/F/A,D4,2,true,0.675,works as a soft lead into,"works as a soft lead into D minor — relative minor / reflective return harmony, and leans toward a reflective, grounding resolution."
C-0015,C major,C major,C/E/G,F4,5,false,0.725,plays well next to,"plays well next to C major — tonic / home harmony, and resolves cleanly to the home chord."
C-0015,C major,C major,C/E/G,E4,4,true,0.725,plays well next to,"plays well next to C major — tonic / home harmony, and resolves cleanly to the home chord."
C-0015,C major,F major,F/A/C,F4,5,true,0.625,works as a soft lead into,"works as a soft lead into F major — subdominant / supportive lift harmony, and feels like a supportive lift before a return."
C-0015,C major,F major,F/A/C,E4,4,false,0.625,works as a soft lead into,"works as a soft lead into F major — subdominant / supportive lift harmony, and feels like a supportive lift before a return."
C-0015,C major,D minor,D/F/A,F4,5,true,0.625,works as a soft lead into,"works as a soft lead into D minor — relative minor / reflective return harmony, and leans toward a reflective, grounding resolution."
C-0015,C major,D minor,D/F/A,E4,4,false,0.625,works as a soft lead into,"works as a soft lead into D minor — relative minor / reflective return harmony, and leans toward a reflective, grounding resolution."
C-0016,C major,C major,C/E/G,G4,7,true,0.675,works as a soft lead into,"works as a soft lead into C major — tonic / home harmony, and resolves cleanly to the home chord."
C-0016,C major,C major,C/E/G,A4,9,false,0.675,works as a soft lead into,"works as a soft lead into C major — tonic / home harmony, and resolves cleanly to the home chord."
C-0016,C major,F major,F/A/C,G4,7,false,0.675,works as a soft lead into,"works as a soft lead into F major — subdominant / supportive lift harmony, and feels like a supportive lift before a return."
C-0016,C major,F major,F/A/C,A4,9,true,0.675,works as a soft lead into,"works as a soft lead into F major — subdominant / supportive lift harmony, and feels like a supportive lift before a return."
C-0016,C major,G major,G/B/D,G4,7,true,0.625,works as a soft lead into,"works as a soft lead into G major — dominant / forward pull harmony, and pushes the phrase forward toward a strong resolution."
C-0016,C major,G major,G/B/D,A4,9,false,0.625,works as a soft lead into,"works as a soft lead into G major — dominant / forward pull harmony, and pushes the phrase forward toward a strong resolution."
C-0016,C major,D minor,D/F/A,G4,7,false,0.675,works as a soft lead into,"works as a soft lead into D minor — relative minor / reflective return harmony, and leans toward a reflective, grounding resolution."
C-0016,C major,D minor,D/F/A,A4,9,true,0.675,works as a soft lead into,"works as a soft lead into D minor — relative minor / reflective return harmony, and leans toward a reflective, grounding resolution."
C-0017,C major,C major,C/E/G,D4,2,false,0.725,plays well next to,"plays well next to C major — tonic / home harmony, and resolves cleanly to the home chord."
C-0017,C major,C major,C/E/G,C4,0,true,0.725,plays well next to,"plays well next to C major — tonic / home harmony, and resolves cleanly to the home chord."
C-0017,C major,F major,F/A/C,D4,2,false,0.675,works as a soft lead into,"works as a soft lead into F major — subdominant / supportive lift harmony, and feels like a supportive lift before a return."
C-0017,C major,F major,F/A/C,C4,0,true,0.675,works as a soft lead into,"works as a soft lead into F major — subdominant / supportive lift harmony, and feels like a supportive lift before a return."
C-0017,C major,G major,G/B/D,D4,2,true,0.625,works as a soft lead into,"works as a soft lead into G major — dominant / forward pull harmony, and pushes the phrase forward toward a strong resolution."
C-0017,C major,G major,G/B/D,C4,0,false,0.625,works as a soft lead into,"works as a soft lead into G major — dominant / forward pull harmony, and pushes the phrase forward toward a strong resolution."
C-0017,C major,D minor,D/F/A,D4,2,true,0.625,works as a soft lead into,"works as a soft lead into D minor — relative minor / reflective return harmony, and leans toward a reflective, grounding resolution."
C-0017,C major,D minor,D/F/A,C4,0,false,0.625,works as a soft lead into,"works as a soft lead into D minor — relative minor / reflective return harmony, and leans toward a reflective, grounding resolution."
C-0018,C major,C major,C/E/G,A4,9,false,0.4,barely fits,"barely fits C major — tonic / home harmony, and resolves cleanly to the home chord."
C-0018,C major,C major,C/E/G,B4,11,false,0.4,barely fits,"barely fits C major — tonic / home harmony, and resolves cleanly to the home chord."
C-0018,C major,G major,G/B/D,A4,9,false,0.675,works as a soft lead into,"works as a soft lead into G major — dominant / forward pull harmony, and pushes the phrase forward toward a strong resolution."
C-0018,C major,G major,G/B/D,B4,11,true,0.675,works as a soft lead into,"works as a soft lead into G major — dominant / forward pull harmony, and pushes the phrase forward toward a strong resolution."
C-0019,C major,C major,C/E/G,C4,0,true,1.0,strongly resolves to,"strongly resolves to C major — tonic / home harmony, and resolves cleanly to the home chord."
C-0019,C major,C major,C/E/G,E4,4,true,1.0,strongly resolves to,"strongly resolves to C major — tonic / home harmony, and resolves cleanly to the home chord."
C-0019,C major,F major,F/A/C,C4,0,true,0.625,works as a soft lead into,"works as a soft lead into F major — subdominant / supportive lift harmony, and feels like a supportive lift before a return."
C-0019,C major,F major,F/A/C,E4,4,false,0.625,works as a soft lead into,"works as a soft lead into F major — subdominant / supportive lift harmony, and feels like a supportive lift before a return."
C-0019,C major,G major,G/B/D,C4,0,false,0.35,barely fits,"barely fits G major — dominant / forward pull harmony, and pushes the phrase forward toward a strong resolution."
C-0019,C major,G major,G/B/D,E4,4,false,0.35,barely fits,"barely fits G major — dominant / forward pull harmony, and pushes the phrase forward toward a strong resolution."
C-0019,C major,D minor,D/F/A,C4,0,false,0.35,barely fits,"barely fits D minor — relative minor / reflective return harmony, and leans toward a reflective, grounding resolution."
C-0019,C major,D minor,D/F/A,E4,4,false,0.35,barely fits,"barely fits D minor — relative minor / reflective return harmony, and leans toward a reflective, grounding resolution."
C-0020,C major,C major,C/E/G,E4,4,true,0.675,works as a soft lead into,"works as a soft lead into C major — tonic / home harmony, and resolves cleanly to the home chord."
C-0020,C major,C major,C/E/G,F4,5,false,0.675,works as a soft lead into,"works as a soft lead into C major — tonic / home harmony, and resolves cleanly to the home chord."
C-0020,C major,F major,F/A/C,E4,4,false,0.675,works as a soft lead into,"works as a soft lead into F major — subdominant / supportive lift harmony, and feels like a supportive lift before a return."
C-0020,C major,F major,F/A/C,F4,5,true,0.675,works as a soft lead into,"works as a soft lead into F major — subdominant / supportive lift harmony, and feels like a supportive lift before a return."
C-0020,C major,D minor,D/F/A,E4,4,false,0.675,works as a soft lead into,"works as a soft lead into D minor — relative minor / reflective return harmony, and leans toward a reflective, grounding resolution."
C-0020,C major,D minor,D/F/A,F4,5,true,0.675,works as a soft lead into,"works as a soft lead into D minor — relative minor / reflective return harmony, and leans toward a reflective, grounding resolution."
C-0021,C major,C major,C/E/G,C4,0,true,0.675,works as a soft lead into,"works as a soft lead into C major — tonic / home harmony, and resolves cleanly to the home chord."
C-0021,C major,C major,C/E/G,D4,2,false,0.675,works as a soft lead into,"works as a soft lead into C major — tonic / home harmony, and resolves cleanly to the home chord."
C-0021,C major,C major,C/E/G,E4,4,true,0.675,works as a soft lead into,"works as a soft lead into C major — tonic / home harmony, and resolves cleanly to the home chord."
C-0021,C major,C major,C/E/G,F4,5,false,0.675,works as a soft lead into,"works as a soft lead into C major — tonic / home harmony, and resolves cleanly to the home chord."
C-0021,C major,F major,F/A/C,C4,0,true,0.775,plays well next to,"plays well next to F major — subdominant / supportive lift harmony, and feels like a supportive lift before a return."
C-0021,C major,F major,F/A/C,D4,2,false,0.775,plays well next to,"plays well next to F major — subdominant / supportive lift harmony, and feels like a supportive lift before a return."
C-0021,C major,F major,F/A/C,E4,4,false,0.775,plays well next to,"plays well next to F major — subdominant / supportive lift harmony, and feels like a supportive lift before a return."
C-0021,C major,F major,F/A/C,F4,5,true,0.775,plays well next to,"plays well next to F major — subdominant / supportive lift harmony, and feels like a supportive lift before a return."
C-0021,C major,D minor,D/F/A,C4,0,false,0.675,works as a soft lead into,"works as a soft lead into D minor — relative minor / reflective return harmony, and leans toward a reflective, grounding resolution."
C-0021,C major,D minor,D/F/A,D4,2,true,0.675,works as a soft lead into,"works as a soft lead into D minor — relative minor / reflective return harmony, and leans toward a reflective, grounding resolution."
C-0021,C major,D minor,D/F/A,E4,4,false,0.675,works as a soft lead into,"works as a soft lead into D minor — relative minor / reflective return harmony, and leans toward a reflective, grounding resolution."
C-0021,C major,D minor,D/F/A,F4,5,true,0.675,works as a soft lead into,"works as a soft lead into D minor — relative minor / reflective return harmony, and leans toward a reflective, grounding resolution."
C-0022,C major,C major,C/E/G,F4,5,false,0.725,plays well next to,"plays well next to C major — tonic / home harmony, and resolves cleanly to the home chord."
C-0022,C major,C major,C/E/G,E4,4,true,0.725,plays well next to,"plays well next to C major — tonic / home harmony, and resolves cleanly to the home chord."
C-0022,C major,C major,C/E/G,D4,2,false,0.725,plays well next to,"plays well next to C major — tonic / home harmony, and resolves cleanly to the home chord."
C-0022,C major,C major,C/E/G,C4,0,true,0.725,plays well next to,"plays well next to C major — tonic / home harmony, and resolves cleanly to the home chord."
C-0022,C major,F major,F/A/C,F4,5,true,0.775,plays well next to,"plays well next to F major — subdominant / supportive lift harmony, and feels like a supportive lift before a return."
C-0022,C major,F major,F/A/C,E4,4,false,0.775,plays well next to,"plays well next to F major — subdominant / supportive lift harmony, and feels like a supportive lift before a return."
C-0022,C major,F major,F/A/C,D4,2,false,0.775,plays well next to,"plays well next to F major — subdominant / supportive lift harmony, and feels like a supportive lift before a return."
C-0022,C major,F major,F/A/C,C4,0,true,0.775,plays well next to,"plays well next to F major — subdominant / supportive lift harmony, and feels like a supportive lift before a return."
C-0022,C major,D minor,D/F/A,F4,5,true,0.625,works as a soft lead into,"works as a soft lead into D minor — relative minor / reflective return harmony, and leans toward a reflective, grounding resolution."
C-0022,C major,D minor,D/F/A,E4,4,false,0.625,works as a soft lead into,"works as a soft lead into D minor — relative minor / reflective return harmony, and leans toward a reflective, grounding resolution."
C-0022,C major,D minor,D/F/A,D4,2,true,0.625,works as a soft lead into,"works as a soft lead into D minor — relative minor / reflective return harmony, and leans toward a reflective, grounding resolution."
C-0022,C major,D minor,D/F/A,C4,0,false,0.625,works as a soft lead into,"works as a soft lead into D minor — relative minor / reflective return harmony, and leans toward a reflective, grounding resolution."
C-0023,C major,C major,C/E/G,E4,4,true,0.675,works as a soft lead into,"works as a soft lead into C major — tonic / home harmony, and resolves cleanly to the home chord."
C-0023,C major,C major,C/E/G,F4,5,false,0.675,works as a soft lead into,"works as a soft lead into C major — tonic / home harmony, and resolves cleanly to the home chord."
C-0023,C major,C major,C/E/G,E4,4,true,0.675,works as a soft lead into,"works as a soft lead into C major — tonic / home harmony, and resolves cleanly to the home chord."
C-0023,C major,C major,C/E/G,D4,2,false,0.675,works as a soft lead into,"works as a soft lead into C major — tonic / home harmony, and resolves cleanly to the home chord."
C-0023,C major,F major,F/A/C,E4,4,false,0.438,barely fits,"barely fits F major — subdominant / supportive lift harmony, and feels like a supportive lift before a return."
C-0023,C major,F major,F/A/C,F4,5,true,0.438,barely fits,"barely fits F major — subdominant / supportive lift harmony, and feels like a supportive lift before a return."
C-0023,C major,F major,F/A/C,E4,4,false,0.438,barely fits,"barely fits F major — subdominant / supportive lift harmony, and feels like a supportive lift before a return."
C-0023,C major,F major,F/A/C,D4,2,false,0.438,barely fits,"barely fits F major — subdominant / supportive lift harmony, and feels like a supportive lift before a return."
C-0023,C major,D minor,D/F/A,E4,4,false,0.675,works as a soft lead into,"works as a soft lead into D minor — relative minor / reflective return harmony, and leans toward a reflective, grounding resolution."
C-0023,C major,D minor,D/F/A,F4,5,true,0.675,works as a soft lead into,"works as a soft lead into D minor — relative minor / reflective return harmony, and leans toward a reflective, grounding resolution."
C-0023,C major,D minor,D/F/A,E4,4,false,0.675,works as a soft lead into,"works as a soft lead into D minor — relative minor / reflective return harmony, and leans toward a reflective, grounding resolution."
C-0023,C major,D minor,D/F/A,D4,2,true,0.675,works as a soft lead into,"works as a soft lead into D minor — relative minor / reflective return harmony, and leans toward a reflective, grounding resolution."
C-0024,C major,C major,C/E/G,G4,7,true,0.675,works as a soft lead into,"works as a soft lead into C major — tonic / home harmony, and resolves cleanly to the home chord."
C-0024,C major,C major,C/E/G,A4,9,false,0.675,works as a soft lead into,"works as a soft lead into C major — tonic / home harmony, and resolves cleanly to the home chord."
C-0024,C major,C major,C/E/G,G4,7,true,0.675,works as a soft lead into,"works as a soft lead into C major — tonic / home harmony, and resolves cleanly to the home chord."
C-0024,C major,C major,C/E/G,B4,11,false,0.675,works as a soft lead into,"works as a soft lead into C major — tonic / home harmony, and resolves cleanly to the home chord."
C-0024,C major,G major,G/B/D,G4,7,true,0.862,strongly resolves to,"strongly resolves to G major — dominant / forward pull harmony, and pushes the phrase forward toward a strong resolution."
C-0024,C major,G major,G/B/D,A4,9,false,0.862,strongly resolves to,"strongly resolves to G major — dominant / forward pull harmony, and pushes the phrase forward toward a strong resolution."
C-0024,C major,G major,G/B/D,G4,7,true,0.862,strongly resolves to,"strongly resolves to G major — dominant / forward pull harmony, and pushes the phrase forward toward a strong resolution."
C-0024,C major,G major,G/B/D,B4,11,true,0.862,strongly resolves to,"strongly resolves to G major — dominant / forward pull harmony, and pushes the phrase forward toward a strong resolution."
C-0025,C major,C major,C/E/G,A4,9,false,0.725,plays well next to,"plays well next to C major — tonic / home harmony, and resolves cleanly to the home chord."
C-0025,C major,C major,C/E/G,B4,11,false,0.725,plays well next to,"plays well next to C major — tonic / home harmony, and resolves cleanly to the home chord."
C-0025,C major,C major,C/E/G,C4,0,true,0.725,plays well next to,"plays well next to C major — tonic / home harmony, and resolves cleanly to the home chord."
C-0025,C major,C major,C/E/G,E4,4,true,0.725,plays well next to,"plays well next to C major — tonic / home harmony, and resolves cleanly to the home chord."
C-0025,C major,G major,G/B/D,A4,9,false,0.438,barely fits,"barely fits G major — dominant / forward pull harmony, and pushes the phrase forward toward a strong resolution."
C-0025,C major,G major,G/B/D,B4,11,true,0.438,barely fits,"barely fits G major — dominant / forward pull harmony, and pushes the phrase forward toward a strong resolution."
C-0025,C major,G major,G/B/D,C4,0,false,0.438,barely fits,"barely fits G major — dominant / forward pull harmony, and pushes the phrase forward toward a strong resolution."
C-0025,C major,G major,G/B/D,E4,4,false,0.438,barely fits,"barely fits G major — dominant / forward pull harmony, and pushes the phrase forward toward a strong resolution."
C-0026,C major,C major,C/E/G,D4,2,false,0.725,plays well next to,"plays well next to C major — tonic / home harmony, and resolves cleanly to the home chord."
C-0026,C major,C major,C/E/G,C4,0,true,0.725,plays well next to,"plays well next to C major — tonic / home harmony, and resolves cleanly to the home chord."
C-0026,C major,C major,C/E/G,D4,2,false,0.725,plays well next to,"plays well next to C major — tonic / home harmony, and resolves cleanly to the home chord."
C-0026,C major,C major,C/E/G,E4,4,true,0.725,plays well next to,"plays well next to C major — tonic / home harmony, and resolves cleanly to the home chord."
C-0026,C major,F major,F/A/C,D4,2,false,0.438,barely fits,"barely fits F major — subdominant / supportive lift harmony, and feels like a supportive lift before a return."
C-0026,C major,F major,F/A/C,C4,0,true,0.438,barely fits,"barely fits F major — subdominant / supportive lift harmony, and feels like a supportive lift before a return."
C-0026,C major,F major,F/A/C,D4,2,false,0.438,barely fits,"barely fits F major — subdominant / supportive lift harmony, and feels like a supportive lift before a return."
C-0026,C major,F major,F/A/C,E4,4,false,0.438,barely fits,"barely fits F major — subdominant / supportive lift harmony, and feels like a supportive lift before a return."
C-0026,C major,G major,G/B/D,D4,2,true,0.625,works as a soft lead into,"works as a soft lead into G major — dominant / forward pull harmony, and pushes the phrase forward toward a strong resolution."
C-0026,C major,G major,G/B/D,C4,0,false,0.625,works as a soft lead into,"works as a soft lead into G major — dominant / forward pull harmony, and pushes the phrase forward toward a strong resolution."
C-0026,C major,G major,G/B/D,D4,2,true,0.625,works as a soft lead into,"works as a soft lead into G major — dominant / forward pull harmony, and pushes the phrase forward toward a strong resolution."
C-0026,C major,G major,G/B/D,E4,4,false,0.625,works as a soft lead into,"works as a soft lead into G major — dominant / forward pull harmony, and pushes the phrase forward toward a strong resolution."
C-0026,C major,D minor,D/F/A,D4,2,true,0.625,works as a soft lead into,"works as a soft lead into D minor — relative minor / reflective return harmony, and leans toward a reflective, grounding resolution."
C-0026,C major,D minor,D/F/A,C4,0,false,0.625,works as a soft lead into,"works as a soft lead into D minor — relative minor / reflective return harmony, and leans toward a reflective, grounding resolution."
C-0026,C major,D minor,D/F/A,D4,2,true,0.625,works as a soft lead into,"works as a soft lead into D minor — relative minor / reflective return harmony, and leans toward a reflective, grounding resolution."
C-0026,C major,D minor,D/F/A,E4,4,false,0.625,works as a soft lead into,"works as a soft lead into D minor — relative minor / reflective return harmony, and leans toward a reflective, grounding resolution."
C-0027,C major,C major,C/E/G,F4,5,false,0.725,plays well next to,"plays well next to C major — tonic / home harmony, and resolves cleanly to the home chord."
C-0027,C major,C major,C/E/G,E4,4,true,0.725,plays well next to,"plays well next to C major — tonic / home harmony, and resolves cleanly to the home chord."
C-0027,C major,C major,C/E/G,F4,5,false,0.725,plays well next to,"plays well next to C major — tonic / home harmony, and resolves cleanly to the home chord."
C-0027,C major,C major,C/E/G,G4,7,true,0.725,plays well next to,"plays well next to C major — tonic / home harmony, and resolves cleanly to the home chord."
C-0027,C major,F major,F/A/C,F4,5,true,0.625,works as a soft lead into,"works as a soft lead into F major — subdominant / supportive lift harmony, and feels like a supportive lift before a return."
C-0027,C major,F major,F/A/C,E4,4,false,0.625,works as a soft lead into,"works as a soft lead into F major — subdominant / supportive lift harmony, and feels like a supportive lift before a return."
C-0027,C major,F major,F/A/C,F4,5,true,0.625,works as a soft lead into,"works as a soft lead into F major — subdominant / supportive lift harmony, and feels like a supportive lift before a return."
C-0027,C major,F major,F/A/C,G4,7,false,0.625,works as a soft lead into,"works as a soft lead into F major — subdominant / supportive lift harmony, and feels like a supportive lift before a return."
C-0027,C major,D minor,D/F/A,F4,5,true,0.625,works as a soft lead into,"works as a soft lead into D minor — relative minor / reflective return harmony, and leans toward a reflective, grounding resolution."
C-0027,C major,D minor,D/F/A,E4,4,false,0.625,works as a soft lead into,"works as a soft lead into D minor — relative minor / reflective return harmony, and leans toward a reflective, grounding resolution."
C-0027,C major,D minor,D/F/A,F4,5,true,0.625,works as a soft lead into,"works as a soft lead into D minor — relative minor / reflective return harmony, and leans toward a reflective, grounding resolution."
C-0027,C major,D minor,D/F/A,G4,7,false,0.625,works as a soft lead into,"works as a soft lead into D minor — relative minor / reflective return harmony, and leans toward a reflective, grounding resolution."
C-0028,C major,C major,C/E/G,C4,0,true,1.0,strongly resolves to,"strongly resolves to C major — tonic / home harmony, and resolves cleanly to the home chord."
C-0028,C major,C major,C/E/G,E4,4,true,1.0,strongly resolves to,"strongly resolves to C major — tonic / home harmony, and resolves cleanly to the home chord."
C-0028,C major,C major,C/E/G,G4,7,true,1.0,strongly resolves to,"strongly resolves to C major — tonic / home harmony, and resolves cleanly to the home chord."
C-0028,C major,C major,C/E/G,E4,4,true,1.0,strongly resolves to,"strongly resolves to C major — tonic / home harmony, and resolves cleanly to the home chord."
C-0028,C major,F major,F/A/C,C4,0,true,0.537,loosely supports,"loosely supports F major — subdominant / supportive lift harmony, and feels like a supportive lift before a return."
C-0028,C major,F major,F/A/C,E4,4,false,0.537,loosely supports,"loosely supports F major — subdominant / supportive lift harmony, and feels like a supportive lift before a return."
C-0028,C major,F major,F/A/C,G4,7,false,0.537,loosely supports,"loosely supports F major — subdominant / supportive lift harmony, and feels like a supportive lift before a return."
C-0028,C major,F major,F/A/C,E4,4,false,0.537,loosely supports,"loosely supports F major — subdominant / supportive lift harmony, and feels like a supportive lift before a return."
C-0028,C major,G major,G/B/D,C4,0,false,0.438,barely fits,"barely fits G major — dominant / forward pull harmony, and pushes the phrase forward toward a strong resolution."
C-0028,C major,G major,G/B/D,E4,4,false,0.438,barely fits,"barely fits G major — dominant / forward pull harmony, and pushes the phrase forward toward a strong resolution."
C-0028,C major,G major,G/B/D,G4,7,true,0.438,barely fits,"barely fits G major — dominant / forward pull harmony, and pushes the phrase forward toward a strong resolution."
C-0028,C major,G major,G/B/D,E4,4,false,0.438,barely fits,"barely fits G major — dominant / forward pull harmony, and pushes the phrase forward toward a strong resolution."
C-0028,C major,D minor,D/F/A,C4,0,false,0.35,barely fits,"barely fits D minor — relative minor / reflective return harmony, and leans toward a reflective, grounding resolution."
C-0028,C major,D minor,D/F/A,E4,4,false,0.35,barely fits,"barely fits D minor — relative minor / reflective return harmony, and leans toward a reflective, grounding resolution."
C-0028,C major,D minor,D/F/A,G4,7,false,0.35,barely fits,"barely fits D minor — relative minor / reflective return harmony, and leans toward a reflective, grounding resolution."
C-0028,C major,D minor,D/F/A,E4,4,false,0.35,barely fits,"barely fits D minor — relative minor / reflective return harmony, and leans toward a reflective, grounding resolution."
C-0029,C major,C major,C/E/G,C4,0,true,1.0,strongly resolves to,"strongly resolves to C major — tonic / home harmony, and resolves cleanly to the home chord."
C-0029,C major,C major,C/E/G,E4,4,true,1.0,strongly resolves to,"strongly resolves to C major — tonic / home harmony, and resolves cleanly to the home chord."
C-0029,C major,C major,C/E/G,G4,7,true,1.0,strongly resolves to,"strongly resolves to C major — tonic / home harmony, and resolves cleanly to the home chord."
C-0029,C major,F major,F/A/C,C4,0,true,0.567,loosely supports,"loosely supports F major — subdominant / supportive lift harmony, and feels like a supportive lift before a return."
C-0029,C major,F major,F/A/C,E4,4,false,0.567,loosely supports,"loosely supports F major — subdominant / supportive lift harmony, and feels like a supportive lift before a return."
C-0029,C major,F major,F/A/C,G4,7,false,0.567,loosely supports,"loosely supports F major — subdominant / supportive lift harmony, and feels like a supportive lift before a return."
C-0029,C major,G major,G/B/D,C4,0,false,0.617,works as a soft lead into,"works as a soft lead into G major — dominant / forward pull harmony, and pushes the phrase forward toward a strong resolution."
C-0029,C major,G major,G/B/D,E4,4,false,0.617,works as a soft lead into,"works as a soft lead into G major — dominant / forward pull harmony, and pushes the phrase forward toward a strong resolution."
C-0029,C major,G major,G/B/D,G4,7,true,0.617,works as a soft lead into,"works as a soft lead into G major — dominant / forward pull harmony, and pushes the phrase forward toward a strong resolution."
C-0029,C major,D minor,D/F/A,C4,0,false,0.35,barely fits,"barely fits D minor — relative minor / reflective return harmony, and leans toward a reflective, grounding resolution."
C-0029,C major,D minor,D/F/A,E4,4,false,0.35,barely fits,"barely fits D minor — relative minor / reflective return harmony, and leans toward a reflective, grounding resolution."
C-0029,C major,D minor,D/F/A,G4,7,false,0.35,barely fits,"barely fits D minor — relative minor / reflective return harmony, and leans toward a reflective, grounding resolution."
C-0030,C major,C major,C/E/G,G4,7,true,0.883,strongly resolves to,"strongly resolves to C major — tonic / home harmony, and resolves cleanly to the home chord."
C-0030,C major,C major,C/E/G,B4,11,false,0.883,strongly resolves to,"strongly resolves to C major — tonic / home harmony, and resolves cleanly to the home chord."
C-0030,C major,C major,C/E/G,C4,0,true,0.883,strongly resolves to,"strongly resolves to C major — tonic / home harmony, and resolves cleanly to the home chord."
C-0030,C major,G major,G/B/D,G4,7,true,0.683,works as a soft lead into,"works as a soft lead into G major — dominant / forward pull harmony, and pushes the phrase forward toward a strong resolution."
C-0030,C major,G major,G/B/D,B4,11,true,0.683,works as a soft lead into,"works as a soft lead into G major — dominant / forward pull harmony, and pushes the phrase forward toward a strong resolution."
C-0030,C major,G major,G/B/D,C4,0,false,0.683,works as a soft lead into,"works as a soft lead into G major — dominant / forward pull harmony, and pushes the phrase forward toward a strong resolution."
F-0001,F major,C major,C/E/G,F4,5,false,0.65,works as a soft lead into,"works as a soft lead into C major — tonic / home harmony, and resolves cleanly to the home chord."
F-0001,F major,F major,F/A/C,F4,5,true,0.7000000000000001,works as a soft lead into,"works as a soft lead into F major — subdominant / supportive lift harmony, and feels like a supportive lift before a return."
F-0001,F major,G major,G/B/D,F4,5,false,0.65,works as a soft lead into,"works as a soft lead into G major — dominant / forward pull harmony, and pushes the phrase forward toward a strong resolution."
F-0001,F major,D minor,D/F/A,F4,5,true,0.65,works as a soft lead into,"works as a soft lead into D minor — relative minor / reflective return harmony, and leans toward a reflective, grounding resolution."
F-0002,F major,C major,C/E/G,F4,5,false,0.65,works as a soft lead into,"works as a soft lead into C major — tonic / home harmony, and resolves cleanly to the home chord."
F-0002,F major,F major,F/A/C,F4,5,true,0.7000000000000001,works as a soft lead into,"works as a soft lead into F major — subdominant / supportive lift harmony, and feels like a supportive lift before a return."
F-0002,F major,G major,G/B/D,F4,5,false,0.65,works as a soft lead into,"works as a soft lead into G major — dominant / forward pull harmony, and pushes the phrase forward toward a strong resolution."
F-0002,F major,D minor,D/F/A,F4,5,true,0.65,works as a soft lead into,"works as a soft lead into D minor — relative minor / reflective return harmony, and leans toward a reflective, grounding resolution."
F-0003,F major,C major,C/E/G,F4,5,false,0.65,works as a soft lead into,"works as a soft lead into C major — tonic / home harmony, and resolves cleanly to the home chord."
F-0003,F major,F major,F/A/C,F4,5,true,0.7000000000000001,works as a soft lead into,"works as a soft lead into F major — subdominant / supportive lift harmony, and feels like a supportive lift before a return."
F-0003,F major,G major,G/B/D,F4,5,false,0.65,works as a soft lead into,"works as a soft lead into G major — dominant / forward pull harmony, and pushes the phrase forward toward a strong resolution."
F-0003,F major,D minor,D/F/A,F4,5,true,0.65,works as a soft lead into,"works as a soft lead into D minor — relative minor / reflective return harmony, and leans toward a reflective, grounding resolution."
F-0004,F major,C major,C/E/G,F4,5,false,0.65,works as a soft lead into,"works as a soft lead into C major — tonic / home harmony, and resolves cleanly to the home chord."
F-0004,F major,F major,F/A/C,F4,5,true,0.7000000000000001,works as a soft lead into,"works as a soft lead into F major — subdominant / supportive lift harmony, and feels like a supportive lift before a return."
F-0004,F major,G major,G/B/D,F4,5,false,0.65,works as a soft lead into,"works as a soft lead into G major — dominant / forward pull harmony, and pushes the phrase forward toward a strong resolution."
F-0004,F major,D minor,D/F/A,F4,5,true,0.65,works as a soft lead into,"works as a soft lead into D minor — relative minor / reflective return harmony, and leans toward a reflective, grounding resolution."
F-0005,F major,C major,C/E/G,F4,5,false,0.35,barely fits,"barely fits C major — tonic / home harmony, and resolves cleanly to the home chord."
F-0005,F major,F major,F/A/C,F4,5,true,1.0,strongly resolves to,"strongly resolves to F major — subdominant / supportive lift harmony, and feels like a supportive lift before a return."
F-0005,F major,D minor,D/F/A,F4,5,true,0.95,strongly resolves to,"strongly resolves to D minor — relative minor / reflective return harmony, and leans toward a reflective, grounding resolution."
F-0006,F major,C major,C/E/G,A4,9,false,0.35,barely fits,"barely fits C major — tonic / home harmony, and resolves cleanly to the home chord."
F-0006,F major,F major,F/A/C,A4,9,true,1.0,strongly resolves to,"strongly resolves to F major — subdominant / supportive lift harmony, and feels like a supportive lift before a return."
F-0006,F major,G major,G/B/D,A4,9,false,0.35,barely fits,"barely fits G major — dominant / forward pull harmony, and pushes the phrase forward toward a strong resolution."
F-0006,F major,D minor,D/F/A,A4,9,true,0.95,strongly resolves to,"strongly resolves to D minor — relative minor / reflective return harmony, and leans toward a reflective, grounding resolution."
F-0007,F major,C major,C/E/G,C4,0,true,0.95,strongly resolves to,"strongly resolves to C major — tonic / home harmony, and resolves cleanly to the home chord."
F-0007,F major,F major,F/A/C,C4,0,true,1.0,strongly resolves to,"strongly resolves to F major — subdominant / supportive lift harmony, and feels like a supportive lift before a return."
F-0007,F major,G major,G/B/D,C4,0,false,0.35,barely fits,"barely fits G major — dominant / forward pull harmony, and pushes the phrase forward toward a strong resolution."
F-0007,F major,D minor,D/F/A,C4,0,false,0.35,barely fits,"barely fits D minor — relative minor / reflective return harmony, and leans toward a reflective, grounding resolution."
F-0008,F major,C major,C/E/G,E4,4,true,0.95,strongly resolves to,"strongly resolves to C major — tonic / home harmony, and resolves cleanly to the home chord."
F-0008,F major,F major,F/A/C,E4,4,false,0.4,barely fits,"barely fits F major — subdominant / supportive lift harmony, and feels like a supportive lift before a return."
F-0008,F major,G major,G/B/D,E4,4,false,0.35,barely fits,"barely fits G major — dominant / forward pull harmony, and pushes the phrase forward toward a strong resolution."
F-0008,F major,D minor,D/F/A,E4,4,false,0.35,barely fits,"barely fits D minor — relative minor / reflective return harmony, and leans toward a reflective, grounding resolution."
F-0009,F major,C major,C/E/G,G4,7,true,0.95,strongly resolves to,"strongly resolves to C major — tonic / home harmony, and resolves cleanly to the home chord."
F-0009,F major,F major,F/A/C,G4,7,false,0.4,barely fits,"barely fits F major — subdominant / supportive lift harmony, and feels like a supportive lift before a return."
F-0009,F major,G major,G/B/D,G4,7,true,0.95,strongly resolves to,"strongly resolves to G major — dominant / forward pull harmony, and pushes the phrase forward toward a strong resolution."
F-0009,F major,D minor,D/F/A,G4,7,false,0.35,barely fits,"barely fits D minor — relative minor / reflective return harmony, and leans toward a reflective, grounding resolution."
F-0010,F major,F major,F/A/C,Bb4,10,false,0.4,barely fits,"barely fits F major — subdominant / supportive lift harmony, and feels like a supportive lift before a return."
F-0010,F major,D minor,D/F/A,Bb4,10,false,0.35,barely fits,"barely fits D minor — relative minor / reflective return harmony, and leans toward a reflective, grounding resolution."
F-0011,F major,C major,C/E/G,D4,2,false,0.35,barely fits,"barely fits C major — tonic / home harmony, and resolves cleanly to the home chord."
F-0011,F major,F major,F/A/C,D4,2,false,0.4,barely fits,"barely fits F major — subdominant / supportive lift harmony, and feels like a supportive lift before a return."
F-0011,F major,G major,G/B/D,D4,2,true,0.95,strongly resolves to,"strongly resolves to G major — dominant / forward pull harmony, and pushes the phrase forward toward a strong resolution."
F-0011,F major,D minor,D/F/A,D4,2,true,0.95,strongly resolves to,"strongly resolves to D minor — relative minor / reflective return harmony, and leans toward a reflective, grounding resolution."
F-0012,F major,C major,C/E/G,E4,4,true,0.95,strongly resolves to,"strongly resolves to C major — tonic / home harmony, and resolves cleanly to the home chord."
F-0012,F major,F major,F/A/C,E4,4,false,0.4,barely fits,"barely fits F major — subdominant / supportive lift harmony, and feels like a supportive lift before a return."
F-0012,F major,G major,G/B/D,E4,4,false,0.35,barely fits,"barely fits G major — dominant / forward pull harmony, and pushes the phrase forward toward a strong resolution."
F-0012,F major,D minor,D/F/A,E4,4,false,0.35,barely fits,"barely fits D minor — relative minor / reflective return harmony, and leans toward a reflective, grounding resolution."
F-0013,F major,C major,C/E/G,F4,5,false,0.675,works as a soft lead into,"works as a soft lead into C major — tonic / home harmony, and resolves cleanly to the home chord."
F-0013,F major,C major,C/E/G,G4,7,true,0.675,works as a soft lead into,"works as a soft lead into C major — tonic / home harmony, and resolves cleanly to the home chord."
F-0013,F major,F major,F/A/C,F4,5,true,0.675,works as a soft lead into,"works as a soft lead into F major — subdominant / supportive lift harmony, and feels like a supportive lift before a return."
F-0013,F major,F major,F/A/C,G4,7,false,0.675,works as a soft lead into,"works as a soft lead into F major — subdominant / supportive lift harmony, and feels like a supportive lift before a return."
F-0013,F major,D minor,D/F/A,F4,5,true,0.625,works as a soft lead into,"works as a soft lead into D minor — relative minor / reflective return harmony, and leans toward a reflective, grounding resolution."
F-0013,F major,D minor,D/F/A,G4,7,false,0.625,works as a soft lead into,"works as a soft lead into D minor — relative minor / reflective return harmony, and leans toward a reflective, grounding resolution."
F-0014,F major,C major,C/E/G,A4,9,false,0.675,works as a soft lead into,"works as a soft lead into C major — tonic / home harmony, and resolves cleanly to the home chord."
F-0014,F major,C major,C/E/G,G4,7,true,0.675,works as a soft lead into,"works as a soft lead into C major — tonic / home harmony, and resolves cleanly to the home chord."
F-0014,F major,F major,F/A/C,A4,9,true,0.675,works as a soft lead into,"works as a soft lead into F major — subdominant / supportive lift harmony, and feels like a supportive lift before a return."
F-0014,F major,F major,F/A/C,G4,7,false,0.675,works as a soft lead into,"works as a soft lead into F major — subdominant / supportive lift harmony, and feels like a supportive lift before a return."
F-0014,F major,G major,G/B/D,A4,9,false,0.675,works as a soft lead into,"works as a soft lead into G major — dominant / forward pull harmony, and pushes the phrase forward toward a strong resolution."
F-0014,F major,G major,G/B/D,G4,7,true,0.675,works as a soft lead into,"works as a soft lead into G major — dominant / forward pull harmony, and pushes the phrase forward toward a strong resolution."
F-0014,F major,D minor,D/F/A,A4,9,true,0.625,works as a soft lead into,"works as a soft lead into D minor — relative minor / reflective return harmony, and leans toward a reflective, grounding resolution."
F-0014,F major,D minor,D/F/A,G4,7,false,0.625,works as a soft lead into,"works as a soft lead into D minor — relative minor / reflective return harmony, and leans toward a reflective, grounding resolution."
F-0015,F major,F major,F/A/C,Bb4,10,false,0.725,plays well next to,"plays well next to F major — subdominant / supportive lift harmony, and feels like a supportive lift before a return."
F-0015,F major,F major,F/A/C,A4,9,true,0.725,plays well next to,"plays well next to F major — subdominant / supportive lift harmony, and feels like a supportive lift before a return."
F-0015,F major,D minor,D/F/A,Bb4,10,false,0.675,works as a soft lead into,"works as a soft lead into D minor — relative minor / reflective return harmony, and leans toward a reflective, grounding resolution."
F-0015,F major,D minor,D/F/A,A4,9,true,0.675,works as a soft lead into,"works as a soft lead into D minor — relative minor / reflective return harmony, and leans toward a reflective, grounding resolution."
F-0016,F major,C major,C/E/G,C4,0,true,0.625,works as a soft lead into,"works as a soft lead into C major — tonic / home harmony, and resolves cleanly to the home chord."
F-0016,F major,C major,C/E/G,D4,2,false,0.625,works as a soft lead into,"works as a soft lead into C major — tonic / home harmony, and resolves cleanly to the home chord."
F-0016,F major,F major,F/A/C,C4,0,true,0.675,works as a soft lead into,"works as a soft lead into F major — subdominant / supportive lift harmony, and feels like a supportive lift before a return."
F-0016,F major,F major,F/A/C,D4,2,false,0.675,works as a soft lead into,"works as a soft lead into F major — subdominant / supportive lift harmony, and feels like a supportive lift before a return."
F-0016,F major,G major,G/B/D,C4,0,false,0.675,works as a soft lead into,"works as a soft lead into G major — dominant / forward pull harmony, and pushes the phrase forward toward a strong resolution."
F-0016,F major,G major,G/B/D,D4,2,true,0.675,works as a soft lead into,"works as a soft lead into G major — dominant / forward pull harmony, and pushes the phrase forward toward a strong resolution."
F-0016,F major,D minor,D/F/A,C4,0,false,0.675,works as a soft lead into,"works as a soft lead into D minor — relative minor / reflective return harmony, and leans toward a reflective, grounding resolution."
F-0016,F major,D minor,D/F/A,D4,2,true,0.675,works as a soft lead into,"works as a soft lead into D minor — relative minor / reflective return harmony, and leans toward a reflective, grounding resolution."
F-0017,F major,C major,C/E/G,G4,7,true,0.625,works as a soft lead into,"works as a soft lead into C major — tonic / home harmony, and resolves cleanly to the home chord."
F-0017,F major,C major,C/E/G,F4,5,false,0.625,works as a soft lead into,"works as a soft lead into C major — tonic / home harmony, and resolves cleanly to the home chord."
F-0017,F major,F major,F/A/C,G4,7,false,0.725,plays well next to,"plays well next to F major — subdominant / supportive lift harmony, and feels like a supportive lift before a return."
F-0017,F major,F major,F/A/C,F4,5,true,0.725,plays well next to,"plays well next to F major — subdominant / supportive lift harmony, and feels like a supportive lift before a return."
F-0017,F major,D minor,D/F/A,G4,7,false,0.675,works as a soft lead into,"works as a soft lead into D minor — relative minor / reflective return harmony, and leans toward a reflective, grounding resolution."
F-0017,F major,D minor,D/F/A,F4,5,true,0.675,works as a soft lead into,"works as a soft lead into D minor — relative minor / reflective return harmony, and leans toward a reflective, grounding resolution."
F-0018,F major,C major,C/E/G,D4,2,false,0.675,works as a soft lead into,"works as a soft lead into C major — tonic / home harmony, and resolves cleanly to the home chord."
F-0018,F major,C major,C/E/G,E4,4,true,0.675,works as a soft lead into,"works as a soft lead into C major — tonic / home harmony, and resolves cleanly to the home chord."
F-0018,F major,F major,F/A/C,D4,2,false,0.4,barely fits,"barely fits F major — subdominant / supportive lift harmony, and feels like a supportive lift before a return."
F-0018,F major,F major,F/A/C,E4,4,false,0.4,barely fits,"barely fits F major — subdominant / supportive lift harmony, and feels like a supportive lift before a return."
F-0018,F major,G major,G/B/D,D4,2,true,0.625,works as a soft lead into,"works as a soft lead into G major — dominant / forward pull harmony, and pushes the phrase forward toward a strong resolution."
F-0018,F major,G major,G/B/D,E4,4,false,0.625,works as a soft lead into,"works as a soft lead into G major — dominant / forward pull harmony, and pushes the phrase forward toward a strong resolution."
F-0018,F major,D minor,D/F/A,D4,2,true,0.625,works as a soft lead into,"works as a soft lead into D minor — relative minor / reflective return harmony, and leans toward a reflective, grounding resolution."
F-0018,F major,D minor,D/F/A,E4,4,false,0.625,works as a soft lead into,"works as a soft lead into D minor — relative minor / reflective return harmony, and leans toward a reflective, grounding resolution."
F-0019,F major,C major,C/E/G,F4,5,false,0.35,barely fits,"barely fits C major — tonic / home harmony, and resolves cleanly to the home chord."
F-0019,F major,C major,C/E/G,A4,9,false,0.35,barely fits,"barely fits C major — tonic / home harmony, and resolves cleanly to the home chord."
F-0019,F major,F major,F/A/C,F4,5,true,1.0,strongly resolves to,"strongly resolves to F major — subdominant / supportive lift harmony, and feels like a supportive lift before a return."
F-0019,F major,F major,F/A/C,A4,9,true,1.0,strongly resolves to,"strongly resolves to F major — subdominant / supportive lift harmony, and feels like a supportive lift before a return."
F-0019,F major,D minor,D/F/A,F4,5,true,0.95,strongly resolves to,"strongly resolves to D minor — relative minor / reflective return harmony, and leans toward a reflective, grounding resolution."
F-0019,F major,D minor,D/F/A,A4,9,true,0.95,strongly resolves to,"strongly resolves to D minor — relative minor / reflective return harmony, and leans toward a reflective, grounding resolution."
F-0020,F major,F major,F/A/C,A4,9,true,0.675,works as a soft lead into,"works as a soft lead into F major — subdominant / supportive lift harmony, and feels like a supportive lift before a return."
F-0020,F major,F major,F/A/C,Bb4,10,false,0.675,works as a soft lead into,"works as a soft lead into F major — subdominant / supportive lift harmony, and feels like a supportive lift before a return."
F-0020,F major,D minor,D/F/A,A4,9,true,0.625,works as a soft lead into,"works as a soft lead into D minor — relative minor / reflective return harmony, and leans toward a reflective, grounding resolution."
F-0020,F major,D minor,D/F/A,Bb4,10,false,0.625,works as a soft lead into,"works as a soft lead into D minor — relative minor / reflective return harmony, and leans toward a reflective, grounding resolution."
F-0021,F major,F major,F/A/C,F4,5,true,0.675,works as a soft lead into,"works as a soft lead into F major — subdominant / supportive lift harmony, and feels like a supportive lift before a return."
F-0021,F major,F major,F/A/C,G4,7,false,0.675,works as a soft lead into,"works as a soft lead into F major — subdominant / supportive lift harmony, and feels like a supportive lift before a return."
F-0021,F major,F major,F/A/C,A4,9,true,0.675,works as a soft lead into,"works as a soft lead into F major — subdominant / supportive lift harmony, and feels like a supportive lift before a return."
F-0021,F major,F major,F/A/C,Bb4,10,false,0.675,works as a soft lead into,"works as a soft lead into F major — subdominant / supportive lift harmony, and feels like a supportive lift before a return."
F-0021,F major,D minor,D/F/A,F4,5,true,0.625,works as a soft lead into,"works as a soft lead into D minor — relative minor / reflective return harmony, and leans toward a reflective, grounding resolution."
F-0021,F major,D minor,D/F/A,G4,7,false,0.625,works as a soft lead into,"works as a soft lead into D minor — relative minor / reflective return harmony, and leans toward a reflective, grounding resolution."
F-0021,F major,D minor,D/F/A,A4,9,true,0.625,works as a soft lead into,"works as a soft lead into D minor — relative minor / reflective return harmony, and leans toward a reflective, grounding resolution."
F-0021,F major,D minor,D/F/A,Bb4,10,false,0.625,works as a soft lead into,"works as a soft lead into D minor — relative minor / reflective return harmony, and leans toward a reflective, grounding resolution."
F-0022,F major,F major,F/A/C,Bb4,10,false,0.725,plays well next to,"plays well next to F major — subdominant / supportive lift harmony, and feels like a supportive lift before a return."
F-0022,F major,F major,F/A/C,A4,9,true,0.725,plays well next to,"plays well next to F major — subdominant / supportive lift harmony, and feels like a supportive lift before a return."
F-0022,F major,F major,F/A/C,G4,7,false,0.725,plays well next to,"plays well next to F major — subdominant / supportive lift harmony, and feels like a supportive lift before a return."
F-0022,F major,F major,F/A/C,F4,5,true,0.725,plays well next to,"plays well next to F major — subdominant / supportive lift harmony, and feels like a supportive lift before a return."
F-0022,F major,D minor,D/F/A,Bb4,10,false,0.675,works as a soft lead into,"works as a soft lead into D minor — relative minor / reflective return harmony, and leans toward a reflective, grounding resolution."
F-0022,F major,D minor,D/F/A,A4,9,true,0.675,works as a soft lead into,"works as a soft lead into D minor — relative minor / reflective return harmony, and leans toward a reflective, grounding resolution."
F-0022,F major,D minor,D/F/A,G4,7,false,0.675,works as a soft lead into,"works as a soft lead into D minor — relative minor / reflective return harmony, and leans toward a reflective, grounding resolution."
F-0022,F major,D minor,D/F/A,F4,5,true,0.675,works as a soft lead into,"works as a soft lead into D minor — relative minor / reflective return harmony, and leans toward a reflective, grounding resolution."
F-0023,F major,F major,F/A/C,A4,9,true,0.675,works as a soft lead into,"works as a soft lead into F major — subdominant / supportive lift harmony, and feels like a supportive lift before a return."
F-0023,F major,F major,F/A/C,Bb4,10,false,0.675,works as a soft lead into,"works as a soft lead into F major — subdominant / supportive lift harmony, and feels like a supportive lift before a return."
F-0023,F major,F major,F/A/C,A4,9,true,0.675,works as a soft lead into,"works as a soft lead into F major — subdominant / supportive lift harmony, and feels like a supportive lift before a return."
F-0023,F major,F major,F/A/C,G4,7,false,0.675,works as a soft lead into,"works as a soft lead into F major — subdominant / supportive lift harmony, and feels like a supportive lift before a return."
F-0023,F major,D minor,D/F/A,A4,9,true,0.625,works as a soft lead into,"works as a soft lead into D minor — relative minor / reflective return harmony, and leans toward a reflective, grounding resolution."
F-0023,F major,D minor,D/F/A,Bb4,10,false,0.625,works as a soft lead into,"works as a soft lead into D minor — relative minor / reflective return harmony, and leans toward a reflective, grounding resolution."
F-0023,F major,D minor,D/F/A,A4,9,true,0.625,works as a soft lead into,"works as a soft lead into D minor — relative minor / reflective return harmony, and leans toward a reflective, grounding resolution."
F-0023,F major,D minor,D/F/A,G4,7,false,0.625,works as a soft lead into,"works as a soft lead into D minor — relative minor / reflective return harmony, and leans toward a reflective, grounding resolution."
F-0024,F major,C major,C/E/G,C4,0,true,0.862,strongly resolves to,"strongly resolves to C major — tonic / home harmony, and resolves cleanly to the home chord."
F-0024,F major,C major,C/E/G,D4,2,false,0.862,strongly resolves to,"strongly resolves to C major — tonic / home harmony, and resolves cleanly to the home chord."
F-0024,F major,C major,C/E/G,C4,0,true,0.862,strongly resolves to,"strongly resolves to C major — tonic / home harmony, and resolves cleanly to the home chord."
F-0024,F major,C major,C/E/G,E4,4,true,0.862,strongly resolves to,"strongly resolves to C major — tonic / home harmony, and resolves cleanly to the home chord."
F-0024,F major,F major,F/A/C,C4,0,true,0.675,works as a soft lead into,"works as a soft lead into F major — subdominant / supportive lift harmony, and feels like a supportive lift before a return."
F-0024,F major,F major,F/A/C,D4,2,false,0.675,works as a soft lead into,"works as a soft lead into F major — subdominant / supportive lift harmony, and feels like a supportive lift before a return."
F-0024,F major,F major,F/A/C,C4,0,true,0.675,works as a soft lead into,"works as a soft lead into F major — subdominant / supportive lift harmony, and feels like a supportive lift before a return."
F-0024,F major,F major,F/A/C,E4,4,false,0.675,works as a soft lead into,"works as a soft lead into F major — subdominant / supportive lift harmony, and feels like a supportive lift before a return."
F-0024,F major,G major,G/B/D,C4,0,false,0.438,barely fits,"barely fits G major — dominant / forward pull harmony, and pushes the phrase forward toward a strong resolution."
F-0024,F major,G major,G/B/D,D4,2,true,0.438,barely fits,"barely fits G major — dominant / forward pull harmony, and pushes the phrase forward toward a strong resolution."
F-0024,F major,G major,G/B/D,C4,0,false,0.438,barely fits,"barely fits G major — dominant / forward pull harmony, and pushes the phrase forward toward a strong resolution."
F-0024,F major,G major,G/B/D,E4,4,false,0.438,barely fits,"barely fits G major — dominant / forward pull harmony, and pushes the phrase forward toward a strong resolution."
F-0024,F major,D minor,D/F/A,C4,0,false,0.438,barely fits,"barely fits D minor — relative minor / reflective return harmony, and leans toward a reflective, grounding resolution."
F-0024,F major,D minor,D/F/A,D4,2,true,0.438,barely fits,"barely fits D minor — relative minor / reflective return harmony, and leans toward a reflective, grounding resolution."
F-0024,F major,D minor,D/F/A,C4,0,false,0.438,barely fits,"barely fits D minor — relative minor / reflective return harmony, and leans toward a reflective, grounding resolution."
F-0024,F major,D minor,D/F/A,E4,4,false,0.438,barely fits,"barely fits D minor — relative minor / reflective return harmony, and leans toward a reflective, grounding resolution."
F-0025,F major,C major,C/E/G,D4,2,false,0.438,barely fits,"barely fits C major — tonic / home harmony, and resolves cleanly to the home chord."
F-0025,F major,C major,C/E/G,E4,4,true,0.438,barely fits,"barely fits C major — tonic / home harmony, and resolves cleanly to the home chord."
F-0025,F major,C major,C/E/G,F4,5,false,0.438,barely fits,"barely fits C major — tonic / home harmony, and resolves cleanly to the home chord."
F-0025,F major,C major,C/E/G,A4,9,false,0.438,barely fits,"barely fits C major — tonic / home harmony, and resolves cleanly to the home chord."
F-0025,F major,F major,F/A/C,D4,2,false,0.725,plays well next to,"plays well next to F major — subdominant / supportive lift harmony, and feels like a supportive lift before a return."
F-0025,F major,F major,F/A/C,E4,4,false,0.725,plays well next to,"plays well next to F major — subdominant / supportive lift harmony, and feels like a supportive lift before a return."
F-0025,F major,F major,F/A/C,F4,5,true,0.725,plays well next to,"plays well next to F major — subdominant / supportive lift harmony, and feels like a supportive lift before a return."
F-0025,F major,F major,F/A/C,A4,9,true,0.725,plays well next to,"plays well next to F major — subdominant / supportive lift harmony, and feels like a supportive lift before a return."
F-0025,F major,D minor,D/F/A,D4,2,true,0.862,strongly resolves to,"strongly resolves to D minor — relative minor / reflective return harmony, and leans toward a reflective, grounding resolution."
F-0025,F major,D minor,D/F/A,E4,4,false,0.862,strongly resolves to,"strongly resolves to D minor — relative minor / reflective return harmony, and leans toward a reflective, grounding resolution."
F-0025,F major,D minor,D/F/A,F4,5,true,0.862,strongly resolves to,"strongly resolves to D minor — relative minor / reflective return harmony, and leans toward a reflective, grounding resolution."
F-0025,F major,D minor,D/F/A,A4,9,true,0.862,strongly resolves to,"strongly resolves to D minor — relative minor / reflective return harmony, and leans toward a reflective, grounding resolution."
F-0026,F major,C major,C/E/G,G4,7,true,0.625,works as a soft lead into,"works as a soft lead into C major — tonic / home harmony, and resolves cleanly to the home chord."
F-0026,F major,C major,C/E/G,F4,5,false,0.625,works as a soft lead into,"works as a soft lead into C major — tonic / home harmony, and resolves cleanly to the home chord."
F-0026,F major,C major,C/E/G,G4,7,true,0.625,works as a soft lead into,"works as a soft lead into C major — tonic / home harmony, and resolves cleanly to the home chord."
F-0026,F major,C major,C/E/G,A4,9,false,0.625,works as a soft lead into,"works as a soft lead into C major — tonic / home harmony, and resolves cleanly to the home chord."
F-0026,F major,F major,F/A/C,G4,7,false,0.725,plays well next to,"plays well next to F major — subdominant / supportive lift harmony, and feels like a supportive lift before a return."
F-0026,F major,F major,F/A/C,F4,5,true,0.725,plays well next to,"plays well next to F major — subdominant / supportive lift harmony, and feels like a supportive lift before a return."
F-0026,F major,F major,F/A/C,G4,7,false,0.725,plays well next to,"plays well next to F major — subdominant / supportive lift harmony, and feels like a supportive lift before a return."
F-0026,F major,F major,F/A/C,A4,9,true,0.725,plays well next to,"plays well next to F major — subdominant / supportive lift harmony, and feels like a supportive lift before a return."
F-0026,F major,D minor,D/F/A,G4,7,false,0.675,works as a soft lead into,"works as a soft lead into D minor — relative minor / reflective return harmony, and leans toward a reflective, grounding resolution."
F-0026,F major,D minor,D/F/A,F4,5,true,0.675,works as a soft lead into,"works as a soft lead into D minor — relative minor / reflective return harmony, and leans toward a reflective, grounding resolution."
F-0026,F major,D minor,D/F/A,G4,7,false,0.675,works as a soft lead into,"works as a soft lead into D minor — relative minor / reflective return harmony, and leans toward a reflective, grounding resolution."
F-0026,F major,D minor,D/F/A,A4,9,true,0.675,works as a soft lead into,"works as a soft lead into D minor — relative minor / reflective return harmony, and leans toward a reflective, grounding resolution."
F-0027,F major,F major,F/A/C,Bb4,10,false,0.725,plays well next to,"plays well next to F major — subdominant / supportive lift harmony, and feels like a supportive lift before a return."
F-0027,F major,F major,F/A/C,A4,9,true,0.725,plays well next to,"plays well next to F major — subdominant / supportive lift harmony, and feels like a supportive lift before a return."
F-0027,F major,F major,F/A/C,Bb4,10,false,0.725,plays well next to,"plays well next to F major — subdominant / supportive lift harmony, and feels like a supportive lift before a return."
F-0027,F major,F major,F/A/C,C4,0,true,0.725,plays well next to,"plays well next to F major — subdominant / supportive lift harmony, and feels like a supportive lift before a return."
F-0027,F major,D minor,D/F/A,Bb4,10,false,0.438,barely fits,"barely fits D minor — relative minor / reflective return harmony, and leans toward a reflective, grounding resolution."
F-0027,F major,D minor,D/F/A,A4,9,true,0.438,barely fits,"barely fits D minor — relative minor / reflective return harmony, and leans toward a reflective, grounding resolution."
F-0027,F major,D minor,D/F/A,Bb4,10,false,0.438,barely fits,"barely fits D minor — relative minor / reflective return harmony, and leans toward a reflective, grounding resolution."
F-0027,F major,D minor,D/F/A,C4,0,false,0.438,barely fits,"barely fits D minor — relative minor / reflective return harmony, and leans toward a reflective, grounding resolution."
F-0028,F major,C major,C/E/G,F4,5,false,0.438,barely fits,"barely fits C major — tonic / home harmony, and resolves cleanly to the home chord."
F-0028,F major,C major,C/E/G,A4,9,false,0.438,barely fits,"barely fits C major — tonic / home harmony, and resolves cleanly to the home chord."
F-0028,F major,C major,C/E/G,C4,0,true,0.438,barely fits,"barely fits C major — tonic / home harmony, and resolves cleanly to the home chord."
F-0028,F major,C major,C/E/G,A4,9,false,0.438,barely fits,"barely fits C major — tonic / home harmony, and resolves cleanly to the home chord."
F-0028,F major,F major,F/A/C,F4,5,true,1.0,strongly resolves to,"strongly resolves to F major — subdominant / supportive lift harmony, and feels like a supportive lift before a return."
F-0028,F major,F major,F/A/C,A4,9,true,1.0,strongly resolves to,"strongly resolves to F major — subdominant / supportive lift harmony, and feels like a supportive lift before a return."
F-0028,F major,F major,F/A/C,C4,0,true,1.0,strongly resolves to,"strongly resolves to F major — subdominant / supportive lift harmony, and feels like a supportive lift before a return."
F-0028,F major,F major,F/A/C,A4,9,true,1.0,strongly resolves to,"strongly resolves to F major — subdominant / supportive lift harmony, and feels like a supportive lift before a return."
F-0028,F major,D minor,D/F/A,F4,5,true,0.862,strongly resolves to,"strongly resolves to D minor — relative minor / reflective return harmony, and leans toward a reflective, grounding resolution."
F-0028,F major,D minor,D/F/A,A4,9,true,0.862,strongly resolves to,"strongly resolves to D minor — relative minor / reflective return harmony, and leans toward a reflective, grounding resolution."
F-0028,F major,D minor,D/F/A,C4,0,false,0.862,strongly resolves to,"strongly resolves to D minor — relative minor / reflective return harmony, and leans toward a reflective, grounding resolution."
F-0028,F major,D minor,D/F/A,A4,9,true,0.862,strongly resolves to,"strongly resolves to D minor — relative minor / reflective return harmony, and leans toward a reflective, grounding resolution."
F-0029,F major,C major,C/E/G,F4,5,false,0.617,works as a soft lead into,"works as a soft lead into C major — tonic / home harmony, and resolves cleanly to the home chord."
F-0029,F major,C major,C/E/G,A4,9,false,0.617,works as a soft lead into,"works as a soft lead into C major — tonic / home harmony, and resolves cleanly to the home chord."
F-0029,F major,C major,C/E/G,C4,0,true,0.617,works as a soft lead into,"works as a soft lead into C major — tonic / home harmony, and resolves cleanly to the home chord."
F-0029,F major,F major,F/A/C,F4,5,true,1.0,strongly resolves to,"strongly resolves to F major — subdominant / supportive lift harmony, and feels like a supportive lift before a return."
F-0029,F major,F major,F/A/C,A4,9,true,1.0,strongly resolves to,"strongly resolves to F major — subdominant / supportive lift harmony, and feels like a supportive lift before a return."
F-0029,F major,F major,F/A/C,C4,0,true,1.0,strongly resolves to,"strongly resolves to F major — subdominant / supportive lift harmony, and feels like a supportive lift before a return."
F-0029,F major,D minor,D/F/A,F4,5,true,0.683,works as a soft lead into,"works as a soft lead into D minor — relative minor / reflective return harmony, and leans toward a reflective, grounding resolution."
F-0029,F major,D minor,D/F/A,A4,9,true,0.683,works as a soft lead into,"works as a soft lead into D minor — relative minor / reflective return harmony, and leans toward a reflective, grounding resolution."
F-0029,F major,D minor,D/F/A,C4,0,false,0.683,works as a soft lead into,"works as a soft lead into D minor — relative minor / reflective return harmony, and leans toward a reflective, grounding resolution."
F-0030,F major,C major,C/E/G,C4,0,true,0.683,works as a soft lead into,"works as a soft lead into C major — tonic / home harmony, and resolves cleanly to the home chord."
F-0030,F major,C major,C/E/G,E4,4,true,0.683,works as a soft lead into,"works as a soft lead into C major — tonic / home harmony, and resolves cleanly to the home chord."
F-0030,F major,C major,C/E/G,F4,5,false,0.683,works as a soft lead into,"works as a soft lead into C major — tonic / home harmony, and resolves cleanly to the home chord."
F-0030,F major,F major,F/A/C,C4,0,true,0.883,strongly resolves to,"strongly resolves to F major — subdominant / supportive lift harmony, and feels like a supportive lift before a return."
F-0030,F major,F major,F/A/C,E4,4,false,0.883,strongly resolves to,"strongly resolves to F major — subdominant / supportive lift harmony, and feels like a supportive lift before a return."
F-0030,F major,F major,F/A/C,F4,5,true,0.883,strongly resolves to,"strongly resolves to F major — subdominant / supportive lift harmony, and feels like a supportive lift before a return."
F-0030,F major,D minor,D/F/A,C4,0,false,0.617,works as a soft lead into,"works as a soft lead into D minor — relative minor / reflective return harmony, and leans toward a reflective, grounding resolution."
F-0030,F major,D minor,D/F/A,E4,4,false,0.617,works as a soft lead into,"works as a soft lead into D minor — relative minor / reflective return harmony, and leans toward a reflective, grounding resolution."
F-0030,F major,D minor,D/F/A,F4,5,true,0.617,works as a soft lead into,"works as a soft lead into D minor — relative minor / reflective return harmony, and leans toward a reflective, grounding resolution."
G-0001,G major,C major,C/E/G,G4,7,true,0.65,works as a soft lead into,"works as a soft lead into C major — tonic / home harmony, and resolves cleanly to the home chord."
G-0001,G major,F major,F/A/C,G4,7,false,0.65,works as a soft lead into,"works as a soft lead into F major — subdominant / supportive lift harmony, and feels like a supportive lift before a return."
G-0001,G major,G major,G/B/D,G4,7,true,0.7000000000000001,works as a soft lead into,"works as a soft lead into G major — dominant / forward pull harmony, and pushes the phrase forward toward a strong resolution."
G-0001,G major,D minor,D/F/A,G4,7,false,0.65,works as a soft lead into,"works as a soft lead into D minor — relative minor / reflective return harmony, and leans toward a reflective, grounding resolution."
G-0002,G major,C major,C/E/G,G4,7,true,0.65,works as a soft lead into,"works as a soft lead into C major — tonic / home harmony, and resolves cleanly to the home chord."
G-0002,G major,F major,F/A/C,G4,7,false,0.65,works as a soft lead into,"works as a soft lead into F major — subdominant / supportive lift harmony, and feels like a supportive lift before a return."
G-0002,G major,G major,G/B/D,G4,7,true,0.7000000000000001,works as a soft lead into,"works as a soft lead into G major — dominant / forward pull harmony, and pushes the phrase forward toward a strong resolution."
G-0002,G major,D minor,D/F/A,G4,7,false,0.65,works as a soft lead into,"works as a soft lead into D minor — relative minor / reflective return harmony, and leans toward a reflective, grounding resolution."
G-0003,G major,C major,C/E/G,G4,7,true,0.65,works as a soft lead into,"works as a soft lead into C major — tonic / home harmony, and resolves cleanly to the home chord."
G-0003,G major,F major,F/A/C,G4,7,false,0.65,works as a soft lead into,"works as a soft lead into F major — subdominant / supportive lift harmony, and feels like a supportive lift before a return."
G-0003,G major,G major,G/B/D,G4,7,true,0.7000000000000001,works as a soft lead into,"works as a soft lead into G major — dominant / forward pull harmony, and pushes the phrase forward toward a strong resolution."
G-0003,G major,D minor,D/F/A,G4,7,false,0.65,works as a soft lead into,"works as a soft lead into D minor — relative minor / reflective return harmony, and leans toward a reflective, grounding resolution."
G-0004,G major,C major,C/E/G,G4,7,true,0.65,works as a soft lead into,"works as a soft lead into C major — tonic / home harmony, and resolves cleanly to the home chord."
G-0004,G major,F major,F/A/C,G4,7,false,0.65,works as a soft lead into,"works as a soft lead into F major — subdominant / supportive lift harmony, and feels like a supportive lift before a return."
G-0004,G major,G major,G/B/D,G4,7,true,0.7000000000000001,works as a soft lead into,"works as a soft lead into G major — dominant / forward pull harmony, and pushes the phrase forward toward a strong resolution."
G-0004,G major,D minor,D/F/A,G4,7,false,0.65,works as a soft lead into,"works as a soft lead into D minor — relative minor / reflective return harmony, and leans toward a reflective, grounding resolution."
G-0005,G major,C major,C/E/G,G4,7,true,0.95,strongly resolves to,"strongly resolves to C major — tonic / home harmony, and resolves cleanly to the home chord."
G-0005,G major,F major,F/A/C,G4,7,false,0.35,barely fits,"barely fits F major — subdominant / supportive lift harmony, and feels like a supportive lift before a return."
G-0005,G major,G major,G/B/D,G4,7,true,1.0,strongly resolves to,"strongly resolves to G major — dominant / forward pull harmony, and pushes the phrase forward toward a strong resolution."
G-0005,G major,D minor,D/F/A,G4,7,false,0.35,barely fits,"barely fits D minor — relative minor / reflective return harmony, and leans toward a reflective, grounding resolution."
G-0006,G major,C major,C/E/G,B4,11,false,0.35,barely fits,"barely fits C major — tonic / home harmony, and resolves cleanly to the home chord."
G-0006,G major,G major,G/B/D,B4,11,true,1.0,strongly resolves to,"strongly resolves to G major — dominant / forward pull harmony, and pushes the phrase forward toward a strong resolution."
G-0007,G major,C major,C/E/G,D4,2,false,0.35,barely fits,"barely fits C major — tonic / home harmony, and resolves cleanly to the home chord."
G-0007,G major,F major,F/A/C,D4,2,false,0.35,barely fits,"barely fits F major — subdominant / supportive lift harmony, and feels like a supportive lift before a return."
G-0007,G major,G major,G/B/D,D4,2,true,1.0,strongly resolves to,"strongly resolves to G major — dominant / forward pull harmony, and pushes the phrase forward toward a strong resolution."
G-0007,G major,D minor,D/F/A,D4,2,true,0.95,strongly resolves to,"strongly resolves to D minor — relative minor / reflective return harmony, and leans toward a reflective, grounding resolution."
G-0008,G major,G major,G/B/D,F#4,6,false,0.4,barely fits,"barely fits G major — dominant / forward pull harmony, and pushes the phrase forward toward a strong resolution."
G-0009,G major,C major,C/E/G,A4,9,false,0.35,barely fits,"barely fits C major — tonic / home harmony, and resolves cleanly to the home chord."
G-0009,G major,F major,F/A/C,A4,9,true,0.95,strongly resolves to,"strongly resolves to F major — subdominant / supportive lift harmony, and feels like a supportive lift before a return."
G-0009,G major,G major,G/B/D,A4,9,false,0.4,barely fits,"barely fits G major — dominant / forward pull harmony, and pushes the phrase forward toward a strong resolution."
G-0009,G major,D minor,D/F/A,A4,9,true,0.95,strongly resolves to,"strongly resolves to D minor — relative minor / reflective return harmony, and leans toward a reflective, grounding resolution."
G-0010,G major,C major,C/E/G,C4,0,true,0.95,strongly resolves to,"strongly resolves to C major — tonic / home harmony, and resolves cleanly to the home chord."
G-0010,G major,F major,F/A/C,C4,0,true,0.95,strongly resolves to,"strongly resolves to F major — subdominant / supportive lift harmony, and feels like a supportive lift before a return."
G-0010,G major,G major,G/B/D,C4,0,false,0.4,barely fits,"barely fits G major — dominant / forward pull harmony, and pushes the phrase forward toward a strong resolution."
G-0010,G major,D minor,D/F/A,C4,0,false,0.35,barely fits,"barely fits D minor — relative minor / reflective return harmony, and leans toward a reflective, grounding resolution."
G-0011,G major,C major,C/E/G,E4,4,true,0.95,strongly resolves to,"strongly resolves to C major — tonic / home harmony, and resolves cleanly to the home chord."
G-0011,G major,F major,F/A/C,E4,4,false,0.35,barely fits,"barely fits F major — subdominant / supportive lift harmony, and feels like a supportive lift before a return."
G-0011,G major,G major,G/B/D,E4,4,false,0.4,barely fits,"barely fits G major — dominant / forward pull harmony, and pushes the phrase forward toward a strong resolution."
G-0011,G major,D minor,D/F/A,E4,4,false,0.35,barely fits,"barely fits D minor — relative minor / reflective return harmony, and leans toward a reflective, grounding resolution."
G-0012,G major,G major,G/B/D,F#4,6,false,0.4,barely fits,"barely fits G major — dominant / forward pull harmony, and pushes the phrase forward toward a strong resolution."
G-0013,G major,C major,C/E/G,G4,7,true,0.625,works as a soft lead into,"works as a soft lead into C major — tonic / home harmony, and resolves cleanly to the home chord."
G-0013,G major,C major,C/E/G,A4,9,false,0.625,works as a soft lead into,"works as a soft lead into C major — tonic / home harmony, and resolves cleanly to the home chord."
G-0013,G major,F major,F/A/C,G4,7,false,0.675,works as a soft lead into,"works as a soft lead into F major — subdominant / supportive lift harmony, and feels like a supportive lift before a return."
G-0013,G major,F major,F/A/C,A4,9,true,0.675,works as a soft lead into,"works as a soft lead into F major — subdominant / supportive lift harmony, and feels like a supportive lift before a return."
G-0013,G major,G major,G/B/D,G4,7,true,0.675,works as a soft lead into,"works as a soft lead into G major — dominant / forward pull harmony, and pushes the phrase forward toward a strong resolution."
G-0013,G major,G major,G/B/D,A4,9,false,0.675,works as a soft lead into,"works as a soft lead into G major — dominant / forward pull harmony, and pushes the phrase forward toward a strong resolution."
G-0013,G major,D minor,D/F/A,G4,7,false,0.675,works as a soft lead into,"works as a soft lead into D minor — relative minor / reflective return harmony, and leans toward a reflective, grounding resolution."
G-0013,G major,D minor,D/F/A,A4,9,true,0.675,works as a soft lead into,"works as a soft lead into D minor — relative minor / reflective return harmony, and leans toward a reflective, grounding resolution."
G-0014,G major,C major,C/E/G,B4,11,false,0.35,barely fits,"barely fits C major — tonic / home harmony, and resolves cleanly to the home chord."
G-0014,G major,C major,C/E/G,A4,9,false,0.35,barely fits,"barely fits C major — tonic / home harmony, and resolves cleanly to the home chord."
G-0014,G major,G major,G/B/D,B4,11,true,0.675,works as a soft lead into,"works as a soft lead into G major — dominant / forward pull harmony, and pushes the phrase forward toward a strong resolution."
G-0014,G major,G major,G/B/D,A4,9,false,0.675,works as a soft lead into,"works as a soft lead into G major — dominant / forward pull harmony, and pushes the phrase forward toward a strong resolution."
G-0015,G major,C major,C/E/G,C4,0,true,0.625,works as a soft lead into,"works as a soft lead into C major — tonic / home harmony, and resolves cleanly to the home chord."
G-0015,G major,C major,C/E/G,B4,11,false,0.625,works as a soft lead into,"works as a soft lead into C major — tonic / home harmony, and resolves cleanly to the home chord."
G-0015,G major,G major,G/B/D,C4,0,false,0.725,plays well next to,"plays well next to G major — dominant / forward pull harmony, and pushes the phrase forward toward a strong resolution."
G-0015,G major,G major,G/B/D,B4,11,true,0.725,plays well next to,"plays well next to G major — dominant / forward pull harmony, and pushes the phrase forward toward a strong resolution."
G-0016,G major,C major,C/E/G,D4,2,false,0.675,works as a soft lead into,"works as a soft lead into C major — tonic / home harmony, and resolves cleanly to the home chord."
G-0016,G major,C major,C/E/G,E4,4,true,0.675,works as a soft lead into,"works as a soft lead into C major — tonic / home harmony, and resolves cleanly to the home chord."
G-0016,G major,F major,F/A/C,D4,2,false,0.35,barely fits,"barely fits F major — subdominant / supportive lift harmony, and feels like a supportive lift before a return."
G-0016,G major,F major,F/A/C,E4,4,false,0.35,barely fits,"barely fits F major — subdominant / supportive lift harmony, and feels like a supportive lift before a return."
G-0016,G major,G major,G/B/D,D4,2,true,0.675,works as a soft lead into,"works as a soft lead into G major — dominant / forward pull harmony, and pushes the phrase forward toward a strong resolution."
G-0016,G major,G major,G/B/D,E4,4,false,0.675,works as a soft lead into,"works as a soft lead into G major — dominant / forward pull harmony, and pushes the phrase forward toward a strong resolution."
G-0016,G major,D minor,D/F/A,D4,2,true,0.625,works as a soft lead into,"works as a soft lead into D minor — relative minor / reflective return harmony, and leans toward a reflective, grounding resolution."
G-0016,G major,D minor,D/F/A,E4,4,false,0.625,works as a soft lead into,"works as a soft lead into D minor — relative minor / reflective return harmony, and leans toward a reflective, grounding resolution."
G-0017,G major,C major,C/E/G,A4,9,false,0.675,works as a soft lead into,"works as a soft lead into C major — tonic / home harmony, and resolves cleanly to the home chord."
G-0017,G major,C major,C/E/G,G4,7,true,0.675,works as a soft lead into,"works as a soft lead into C major — tonic / home harmony, and resolves cleanly to the home chord."
G-0017,G major,F major,F/A/C,A4,9,true,0.625,works as a soft lead into,"works as a soft lead into F major — subdominant / supportive lift harmony, and feels like a supportive lift before a return."
G-0017,G major,F major,F/A/C,G4,7,false,0.625,works as a soft lead into,"works as a soft lead into F major — subdominant / supportive lift harmony, and feels like a supportive lift before a return."
G-0017,G major,G major,G/B/D,A4,9,false,0.725,plays well next to,"plays well next to G major — dominant / forward pull harmony, and pushes the phrase forward toward a strong resolution."
G-0017,G major,G major,G/B/D,G4,7,true,0.725,plays well next to,"plays well next to G major — dominant / forward pull harmony, and pushes the phrase forward toward a strong resolution."
G-0017,G major,D minor,D/F/A,A4,9,true,0.625,works as a soft lead into,"works as a soft lead into D minor — relative minor / reflective return harmony, and leans toward a reflective, grounding resolution."
G-0017,G major,D minor,D/F/A,G4,7,false,0.625,works as a soft lead into,"works as a soft lead into D minor — relative minor / reflective return harmony, and leans toward a reflective, grounding resolution."
G-0018,G major,G major,G/B/D,E4,4,false,0.4,barely fits,"barely fits G major — dominant / forward pull harmony, and pushes the phrase forward toward a strong resolution."
G-0018,G major,G major,G/B/D,F#4,6,false,0.4,barely fits,"barely fits G major — dominant / forward pull harmony, and pushes the phrase forward toward a strong resolution."
G-0019,G major,C major,C/E/G,G4,7,true,0.625,works as a soft lead into,"works as a soft lead into C major — tonic / home harmony, and resolves cleanly to the home chord."
G-0019,G major,C major,C/E/G,B4,11,false,0.625,works as a soft lead into,"works as a soft lead into C major — tonic / home harmony, and resolves cleanly to the home chord."
G-0019,G major,G major,G/B/D,G4,7,true,1.0,strongly resolves to,"strongly resolves to G major — dominant / forward pull harmony, and pushes the phrase forward toward a strong resolution."
G-0019,G major,G major,G/B/D,B4,11,true,1.0,strongly resolves to,"strongly resolves to G major — dominant / forward pull harmony, and pushes the phrase forward toward a strong resolution."
G-0020,G major,C major,C/E/G,B4,11,false,0.675,works as a soft lead into,"works as a soft lead into C major — tonic / home harmony, and resolves cleanly to the home chord."
G-0020,G major,C major,C/E/G,C4,0,true,0.675,works as a soft lead into,"works as a soft lead into C major — tonic / home harmony, and resolves cleanly to the home chord."
G-0020,G major,G major,G/B/D,B4,11,true,0.675,works as a soft lead into,"works as a soft lead into G major — dominant / forward pull harmony, and pushes the phrase forward toward a strong resolution."
G-0020,G major,G major,G/B/D,C4,0,false,0.675,works as a soft lead into,"works as a soft lead into G major — dominant / forward pull harmony, and pushes the phrase forward toward a strong resolution."
G-0021,G major,C major,C/E/G,G4,7,true,0.775,plays well next to,"plays well next to C major — tonic / home harmony, and resolves cleanly to the home chord."
G-0021,G major,C major,C/E/G,A4,9,false,0.775,plays well next to,"plays well next to C major — tonic / home harmony, and resolves cleanly to the home chord."
G-0021,G major,C major,C/E/G,B4,11,false,0.775,plays well next to,"plays well next to C major — tonic / home harmony, and resolves cleanly to the home chord."
G-0021,G major,C major,C/E/G,C4,0,true,0.775,plays well next to,"plays well next to C major — tonic / home harmony, and resolves cleanly to the home chord."
G-0021,G major,G major,G/B/D,G4,7,true,0.675,works as a soft lead into,"works as a soft lead into G major — dominant / forward pull harmony, and pushes the phrase forward toward a strong resolution."
G-0021,G major,G major,G/B/D,A4,9,false,0.675,works as a soft lead into,"works as a soft lead into G major — dominant / forward pull harmony, and pushes the phrase forward toward a strong resolution."
G-0021,G major,G major,G/B/D,B4,11,true,0.675,works as a soft lead into,"works as a soft lead into G major — dominant / forward pull harmony, and pushes the phrase forward toward a strong resolution."
G-0021,G major,G major,G/B/D,C4,0,false,0.675,works as a soft lead into,"works as a soft lead into G major — dominant / forward pull harmony, and pushes the phrase forward toward a strong resolution."
G-0022,G major,C major,C/E/G,C4,0,true,0.775,plays well next to,"plays well next to C major — tonic / home harmony, and resolves cleanly to the home chord."
G-0022,G major,C major,C/E/G,B4,11,false,0.775,plays well next to,"plays well next to C major — tonic / home harmony, and resolves cleanly to the home chord."
G-0022,G major,C major,C/E/G,A4,9,false,0.775,plays well next to,"plays well next to C major — tonic / home harmony, and resolves cleanly to the home chord."
G-0022,G major,C major,C/E/G,G4,7,true,0.775,plays well next to,"plays well next to C major — tonic / home harmony, and resolves cleanly to the home chord."
G-0022,G major,G major,G/B/D,C4,0,false,0.725,plays well next to,"plays well next to G major — dominant / forward pull harmony, and pushes the phrase forward toward a strong resolution."
G-0022,G major,G major,G/B/D,B4,11,true,0.725,plays well next to,"plays well next to G major — dominant / forward pull harmony, and pushes the phrase forward toward a strong resolution."
G-0022,G major,G major,G/B/D,A4,9,false,0.725,plays well next to,"plays well next to G major — dominant / forward pull harmony, and pushes the phrase forward toward a strong resolution."
G-0022,G major,G major,G/B/D,G4,7,true,0.725,plays well next to,"plays well next to G major — dominant / forward pull harmony, and pushes the phrase forward toward a strong resolution."
G-0023,G major,C major,C/E/G,B4,11,false,0.438,barely fits,"barely fits C major — tonic / home harmony, and resolves cleanly to the home chord."
G-0023,G major,C major,C/E/G,C4,0,true,0.438,barely fits,"barely fits C major — tonic / home harmony, and resolves cleanly to the home chord."
G-0023,G major,C major,C/E/G,B4,11,false,0.438,barely fits,"barely fits C major — tonic / home harmony, and resolves cleanly to the home chord."
G-0023,G major,C major,C/E/G,A4,9,false,0.438,barely fits,"barely fits C major — tonic / home harmony, and resolves cleanly to the home chord."
G-0023,G major,G major,G/B/D,B4,11,true,0.675,works as a soft lead into,"works as a soft lead into G major — dominant / forward pull harmony, and pushes the phrase forward toward a strong resolution."
G-0023,G major,G major,G/B/D,C4,0,false,0.675,works as a soft lead into,"works as a soft lead into G major — dominant / forward pull harmony, and pushes the phrase forward toward a strong resolution."
G-0023,G major,G major,G/B/D,B4,11,true,0.675,works as a soft lead into,"works as a soft lead into G major — dominant / forward pull harmony, and pushes the phrase forward toward a strong resolution."
G-0023,G major,G major,G/B/D,A4,9,false,0.675,works as a soft lead into,"works as a soft lead into G major — dominant / forward pull harmony, and pushes the phrase forward toward a strong resolution."
G-0024,G major,G major,G/B/D,D4,2,true,0.675,works as a soft lead into,"works as a soft lead into G major — dominant / forward pull harmony, and pushes the phrase forward toward a strong resolution."
G-0024,G major,G major,G/B/D,E4,4,false,0.675,works as a soft lead into,"works as a soft lead into G major — dominant / forward pull harmony, and pushes the phrase forward toward a strong resolution."
G-0024,G major,G major,G/B/D,D4,2,true,0.675,works as a soft lead into,"works as a soft lead into G major — dominant / forward pull harmony, and pushes the phrase forward toward a strong resolution."
G-0024,G major,G major,G/B/D,F#4,6,false,0.675,works as a soft lead into,"works as a soft lead into G major — dominant / forward pull harmony, and pushes the phrase forward toward a strong resolution."
G-0025,G major,G major,G/B/D,E4,4,false,0.725,plays well next to,"plays well next to G major — dominant / forward pull harmony, and pushes the phrase forward toward a strong resolution."
G-0025,G major,G major,G/B/D,F#4,6,false,0.725,plays well next to,"plays well next to G major — dominant / forward pull harmony, and pushes the phrase forward toward a strong resolution."
G-0025,G major,G major,G/B/D,G4,7,true,0.725,plays well next to,"plays well next to G major — dominant / forward pull harmony, and pushes the phrase forward toward a strong resolution."
G-0025,G major,G major,G/B/D,B4,11,true,0.725,plays well next to,"plays well next to G major — dominant / forward pull harmony, and pushes the phrase forward toward a strong resolution."
G-0026,G major,C major,C/E/G,A4,9,false,0.438,barely fits,"barely fits C major — tonic / home harmony, and resolves cleanly to the home chord."
G-0026,G major,C major,C/E/G,G4,7,true,0.438,barely fits,"barely fits C major — tonic / home harmony, and resolves cleanly to the home chord."
G-0026,G major,C major,C/E/G,A4,9,false,0.438,barely fits,"barely fits C major — tonic / home harmony, and resolves cleanly to the home chord."
G-0026,G major,C major,C/E/G,B4,11,false,0.438,barely fits,"barely fits C major — tonic / home harmony, and resolves cleanly to the home chord."
G-0026,G major,G major,G/B/D,A4,9,false,0.725,plays well next to,"plays well next to G major — dominant / forward pull harmony, and pushes the phrase forward toward a strong resolution."
G-0026,G major,G major,G/B/D,G4,7,true,0.725,plays well next to,"plays well next to G major — dominant / forward pull harmony, and pushes the phrase forward toward a strong resolution."
G-0026,G major,G major,G/B/D,A4,9,false,0.725,plays well next to,"plays well next to G major — dominant / forward pull harmony, and pushes the phrase forward toward a strong resolution."
G-0026,G major,G major,G/B/D,B4,11,true,0.725,plays well next to,"plays well next to G major — dominant / forward pull harmony, and pushes the phrase forward toward a strong resolution."
G-0027,G major,C major,C/E/G,C4,0,true,0.625,works as a soft lead into,"works as a soft lead into C major — tonic / home harmony, and resolves cleanly to the home chord."
G-0027,G major,C major,C/E/G,B4,11,false,0.625,works as a soft lead into,"works as a soft lead into C major — tonic / home harmony, and resolves cleanly to the home chord."
G-0027,G major,C major,C/E/G,C4,0,true,0.625,works as a soft lead into,"works as a soft lead into C major — tonic / home harmony, and resolves cleanly to the home chord."
G-0027,G major,C major,C/E/G,D4,2,false,0.625,works as a soft lead into,"works as a soft lead into C major — tonic / home harmony, and resolves cleanly to the home chord."
G-0027,G major,G major,G/B/D,C4,0,false,0.725,plays well next to,"plays well next to G major — dominant / forward pull harmony, and pushes the phrase forward toward a strong resolution."
G-0027,G major,G major,G/B/D,B4,11,true,0.725,plays well next to,"plays well next to G major — dominant / forward pull harmony, and pushes the phrase forward toward a strong resolution."
G-0027,G major,G major,G/B/D,C4,0,false,0.725,plays well next to,"plays well next to G major — dominant / forward pull harmony, and pushes the phrase forward toward a strong resolution."
G-0027,G major,G major,G/B/D,D4,2,true,0.725,plays well next to,"plays well next to G major — dominant / forward pull harmony, and pushes the phrase forward toward a strong resolution."
G-0028,G major,C major,C/E/G,G4,7,true,0.537,loosely supports,"loosely supports C major — tonic / home harmony, and resolves cleanly to the home chord."
G-0028,G major,C major,C/E/G,B4,11,false,0.537,loosely supports,"loosely supports C major — tonic / home harmony, and resolves cleanly to the home chord."
G-0028,G major,C major,C/E/G,D4,2,false,0.537,loosely supports,"loosely supports C major — tonic / home harmony, and resolves cleanly to the home chord."
G-0028,G major,C major,C/E/G,B4,11,false,0.537,loosely supports,"loosely supports C major — tonic / home harmony, and resolves cleanly to the home chord."
G-0028,G major,G major,G/B/D,G4,7,true,1.0,strongly resolves to,"strongly resolves to G major — dominant / forward pull harmony, and pushes the phrase forward toward a strong resolution."
G-0028,G major,G major,G/B/D,B4,11,true,1.0,strongly resolves to,"strongly resolves to G major — dominant / forward pull harmony, and pushes the phrase forward toward a strong resolution."
G-0028,G major,G major,G/B/D,D4,2,true,1.0,strongly resolves to,"strongly resolves to G major — dominant / forward pull harmony, and pushes the phrase forward toward a strong resolution."
G-0028,G major,G major,G/B/D,B4,11,true,1.0,strongly resolves to,"strongly resolves to G major — dominant / forward pull harmony, and pushes the phrase forward toward a strong resolution."
G-0029,G major,C major,C/E/G,G4,7,true,0.567,loosely supports,"loosely supports C major — tonic / home harmony, and resolves cleanly to the home chord."
G-0029,G major,C major,C/E/G,B4,11,false,0.567,loosely supports,"loosely supports C major — tonic / home harmony, and resolves cleanly to the home chord."
G-0029,G major,C major,C/E/G,D4,2,false,0.567,loosely supports,"loosely supports C major — tonic / home harmony, and resolves cleanly to the home chord."
G-0029,G major,G major,G/B/D,G4,7,true,1.0,strongly resolves to,"strongly resolves to G major — dominant / forward pull harmony, and pushes the phrase forward toward a strong resolution."
G-0029,G major,G major,G/B/D,B4,11,true,1.0,strongly resolves to,"strongly resolves to G major — dominant / forward pull harmony, and pushes the phrase forward toward a strong resolution."
G-0029,G major,G major,G/B/D,D4,2,true,1.0,strongly resolves to,"strongly resolves to G major — dominant / forward pull harmony, and pushes the phrase forward toward a strong resolution."
G-0030,G major,G major,G/B/D,D4,2,true,0.883,strongly resolves to,"strongly resolves to G major — dominant / forward pull harmony, and pushes the phrase forward toward a strong resolution."
G-0030,G major,G major,G/B/D,F#4,6,false,0.883,strongly resolves to,"strongly resolves to G major — dominant / forward pull harmony, and pushes the phrase forward toward a strong resolution."
G-0030,G major,G major,G/B/D,G4,7,true,0.883,strongly resolves to,"strongly resolves to G major — dominant / forward pull harmony, and pushes the phrase forward toward a strong resolution."
D-0001,D minor,C major,C/E/G,D4,2,false,0.65,works as a soft lead into,"works as a soft lead into C major — tonic / home harmony, and resolves cleanly to the home chord."
D-0001,D minor,F major,F/A/C,D4,2,false,0.65,works as a soft lead into,"works as a soft lead into F major — subdominant / supportive lift harmony, and feels like a supportive lift before a return."
D-0001,D minor,G major,G/B/D,D4,2,true,0.65,works as a soft lead into,"works as a soft lead into G major — dominant / forward pull harmony, and pushes the phrase forward toward a strong resolution."
D-0001,D minor,D minor,D/F/A,D4,2,true,0.7000000000000001,works as a soft lead into,"works as a soft lead into D minor — relative minor / reflective return harmony, and leans toward a reflective, grounding resolution."
D-0002,D minor,C major,C/E/G,D4,2,false,0.65,works as a soft lead into,"works as a soft lead into C major — tonic / home harmony, and resolves cleanly to the home chord."
D-0002,D minor,F major,F/A/C,D4,2,false,0.65,works as a soft lead into,"works as a soft lead into F major — subdominant / supportive lift harmony, and feels like a supportive lift before a return."
D-0002,D minor,G major,G/B/D,D4,2,true,0.65,works as a soft lead into,"works as a soft lead into G major — dominant / forward pull harmony, and pushes the phrase forward toward a strong resolution."
D-0002,D minor,D minor,D/F/A,D4,2,true,0.7000000000000001,works as a soft lead into,"works as a soft lead into D minor — relative minor / reflective return harmony, and leans toward a reflective, grounding resolution."
D-0003,D minor,C major,C/E/G,D4,2,false,0.65,works as a soft lead into,"works as a soft lead into C major — tonic / home harmony, and resolves cleanly to the home chord."
D-0003,D minor,F major,F/A/C,D4,2,false,0.65,works as a soft lead into,"works as a soft lead into F major — subdominant / supportive lift harmony, and feels like a supportive lift before a return."
D-0003,D minor,G major,G/B/D,D4,2,true,0.65,works as a soft lead into,"works as a soft lead into G major — dominant / forward pull harmony, and pushes the phrase forward toward a strong resolution."
D-0003,D minor,D minor,D/F/A,D4,2,true,0.7000000000000001,works as a soft lead into,"works as a soft lead into D minor — relative minor / reflective return harmony, and leans toward a reflective, grounding resolution."
D-0004,D minor,C major,C/E/G,D4,2,false,0.65,works as a soft lead into,"works as a soft lead into C major — tonic / home harmony, and resolves cleanly to the home chord."
D-0004,D minor,F major,F/A/C,D4,2,false,0.65,works as a soft lead into,"works as a soft lead into F major — subdominant / supportive lift harmony, and feels like a supportive lift before a return."
D-0004,D minor,G major,G/B/D,D4,2,true,0.65,works as a soft lead into,"works as a soft lead into G major — dominant / forward pull harmony, and pushes the phrase forward toward a strong resolution."
D-0004,D minor,D minor,D/F/A,D4,2,true,0.7000000000000001,works as a soft lead into,"works as a soft lead into D minor — relative minor / reflective return harmony, and leans toward a reflective, grounding resolution."
D-0005,D minor,C major,C/E/G,D4,2,false,0.35,barely fits,"barely fits C major — tonic / home harmony, and resolves cleanly to the home chord."
D-0005,D minor,F major,F/A/C,D4,2,false,0.35,barely fits,"barely fits F major — subdominant / supportive lift harmony, and feels like a supportive lift before a return."
D-0005,D minor,G major,G/B/D,D4,2,true,0.95,strongly resolves to,"strongly resolves to G major — dominant / forward pull harmony, and pushes the phrase forward toward a strong resolution."
D-0005,D minor,D minor,D/F/A,D4,2,true,1.0,strongly resolves to,"strongly resolves to D minor — relative minor / reflective return harmony, and leans toward a reflective, grounding resolution."
D-0006,D minor,C major,C/E/G,F4,5,false,0.35,barely fits,"barely fits C major — tonic / home harmony, and resolves cleanly to the home chord."
D-0006,D minor,F major,F/A/C,F4,5,true,0.95,strongly resolves to,"strongly resolves to F major — subdominant / supportive lift harmony, and feels like a supportive lift before a return."
D-0006,D minor,D minor,D/F/A,F4,5,true,1.0,strongly resolves to,"strongly resolves to D minor — relative minor / reflective return harmony, and leans toward a reflective, grounding resolution."
D-0007,D minor,C major,C/E/G,A4,9,false,0.35,barely fits,"barely fits C major — tonic / home harmony, and resolves cleanly to the home chord."
D-0007,D minor,F major,F/A/C,A4,9,true,0.95,strongly resolves to,"strongly resolves to F major — subdominant / supportive lift harmony, and feels like a supportive lift before a return."
D-0007,D minor,G major,G/B/D,A4,9,false,0.35,barely fits,"barely fits G major — dominant / forward pull harmony, and pushes the phrase forward toward a strong resolution."
D-0007,D minor,D minor,D/F/A,A4,9,true,1.0,strongly resolves to,"strongly resolves to D minor — relative minor / reflective return harmony, and leans toward a reflective, grounding resolution."
D-0008,D minor,C major,C/E/G,C4,0,true,0.95,strongly resolves to,"strongly resolves to C major — tonic / home harmony, and resolves cleanly to the home chord."
D-0008,D minor,F major,F/A/C,C4,0,true,0.95,strongly resolves to,"strongly resolves to F major — subdominant / supportive lift harmony, and feels like a supportive lift before a return."
D-0008,D minor,G major,G/B/D,C4,0,false,0.35,barely fits,"barely fits G major — dominant / forward pull harmony, and pushes the phrase forward toward a strong resolution."
D-0008,D minor,D minor,D/F/A,C4,0,false,0.4,barely fits,"barely fits D minor — relative minor / reflective return harmony, and leans toward a reflective, grounding resolution."
D-0009,D minor,C major,C/E/G,E4,4,true,0.95,strongly resolves to,"strongly resolves to C major — tonic / home harmony, and resolves cleanly to the home chord."
D-0009,D minor,F major,F/A/C,E4,4,false,0.35,barely fits,"barely fits F major — subdominant / supportive lift harmony, and feels like a supportive lift before a return."
D-0009,D minor,G major,G/B/D,E4,4,false,0.35,barely fits,"barely fits G major — dominant / forward pull harmony, and pushes the phrase forward toward a strong resolution."
D-0009,D minor,D minor,D/F/A,E4,4,false,0.4,barely fits,"barely fits D minor — relative minor / reflective return harmony, and leans toward a reflective, grounding resolution."
D-0010,D minor,C major,C/E/G,G4,7,true,0.95,strongly resolves to,"strongly resolves to C major — tonic / home harmony, and resolves cleanly to the home chord."
D-0010,D minor,F major,F/A/C,G4,7,false,0.35,barely fits,"barely fits F major — subdominant / supportive lift harmony, and feels like a supportive lift before a return."
D-0010,D minor,G major,G/B/D,G4,7,true,0.95,strongly resolves to,"strongly resolves to G major — dominant / forward pull harmony, and pushes the phrase forward toward a strong resolution."
D-0010,D minor,D minor,D/F/A,G4,7,false,0.4,barely fits,"barely fits D minor — relative minor / reflective return harmony, and leans toward a reflective, grounding resolution."
D-0011,D minor,F major,F/A/C,Bb4,10,false,0.35,barely fits,"barely fits F major — subdominant / supportive lift harmony, and feels like a supportive lift before a return."
D-0011,D minor,D minor,D/F/A,Bb4,10,false,0.4,barely fits,"barely fits D minor — relative minor / reflective return harmony, and leans toward a reflective, grounding resolution."
D-0012,D minor,C major,C/E/G,C4,0,true,0.95,strongly resolves to,"strongly resolves to C major — tonic / home harmony, and resolves cleanly to the home chord."
D-0012,D minor,F major,F/A/C,C4,0,true,0.95,strongly resolves to,"strongly resolves to F major — subdominant / supportive lift harmony, and feels like a supportive lift before a return."
D-0012,D minor,G major,G/B/D,C4,0,false,0.35,barely fits,"barely fits G major — dominant / forward pull harmony, and pushes the phrase forward toward a strong resolution."
D-0012,D minor,D minor,D/F/A,C4,0,false,0.4,barely fits,"barely fits D minor — relative minor / reflective return harmony, and leans toward a reflective, grounding resolution."
D-0013,D minor,C major,C/E/G,D4,2,false,0.675,works as a soft lead into,"works as a soft lead into C major — tonic / home harmony, and resolves cleanly to the home chord."
D-0013,D minor,C major,C/E/G,E4,4,true,0.675,works as a soft lead into,"works as a soft lead into C major — tonic / home harmony, and resolves cleanly to the home chord."
D-0013,D minor,F major,F/A/C,D4,2,false,0.35,barely fits,"barely fits F major — subdominant / supportive lift harmony, and feels like a supportive lift before a return."
D-0013,D minor,F major,F/A/C,E4,4,false,0.35,barely fits,"barely fits F major — subdominant / supportive lift harmony, and feels like a supportive lift before a return."
D-0013,D minor,G major,G/B/D,D4,2,true,0.625,works as a soft lead into,"works as a soft lead into G major — dominant / forward pull harmony, and pushes the phrase forward toward a strong resolution."
D-0013,D minor,G major,G/B/D,E4,4,false,0.625,works as a soft lead into,"works as a soft lead into G major — dominant / forward pull harmony, and pushes the phrase forward toward a strong resolution."
D-0013,D minor,D minor,D/F/A,D4,2,true,0.675,works as a soft lead into,"works as a soft lead into D minor — relative minor / reflective return harmony, and leans toward a reflective, grounding resolution."
D-0013,D minor,D minor,D/F/A,E4,4,false,0.675,works as a soft lead into,"works as a soft lead into D minor — relative minor / reflective return harmony, and leans toward a reflective, grounding resolution."
D-0014,D minor,C major,C/E/G,F4,5,false,0.675,works as a soft lead into,"works as a soft lead into C major — tonic / home harmony, and resolves cleanly to the home chord."
D-0014,D minor,C major,C/E/G,E4,4,true,0.675,works as a soft lead into,"works as a soft lead into C major — tonic / home harmony, and resolves cleanly to the home chord."
D-0014,D minor,F major,F/A/C,F4,5,true,0.625,works as a soft lead into,"works as a soft lead into F major — subdominant / supportive lift harmony, and feels like a supportive lift before a return."
D-0014,D minor,F major,F/A/C,E4,4,false,0.625,works as a soft lead into,"works as a soft lead into F major — subdominant / supportive lift harmony, and feels like a supportive lift before a return."
D-0014,D minor,D minor,D/F/A,F4,5,true,0.675,works as a soft lead into,"works as a soft lead into D minor — relative minor / reflective return harmony, and leans toward a reflective, grounding resolution."
D-0014,D minor,D minor,D/F/A,E4,4,false,0.675,works as a soft lead into,"works as a soft lead into D minor — relative minor / reflective return harmony, and leans toward a reflective, grounding resolution."
D-0015,D minor,C major,C/E/G,G4,7,true,0.625,works as a soft lead into,"works as a soft lead into C major — tonic / home harmony, and resolves cleanly to the home chord."
D-0015,D minor,C major,C/E/G,F4,5,false,0.625,works as a soft lead into,"works as a soft lead into C major — tonic / home harmony, and resolves cleanly to the home chord."
D-0015,D minor,F major,F/A/C,G4,7,false,0.675,works as a soft lead into,"works as a soft lead into F major — subdominant / supportive lift harmony, and feels like a supportive lift before a return."
D-0015,D minor,F major,F/A/C,F4,5,true,0.675,works as a soft lead into,"works as a soft lead into F major — subdominant / supportive lift harmony, and feels like a supportive lift before a return."
D-0015,D minor,D minor,D/F/A,G4,7,false,0.725,plays well next to,"plays well next to D minor — relative minor / reflective return harmony, and leans toward a reflective, grounding resolution."
D-0015,D minor,D minor,D/F/A,F4,5,true,0.725,plays well next to,"plays well next to D minor — relative minor / reflective return harmony, and leans toward a reflective, grounding resolution."
D-0016,D minor,F major,F/A/C,A4,9,true,0.625,works as a soft lead into,"works as a soft lead into F major — subdominant / supportive lift harmony, and feels like a supportive lift before a return."
D-0016,D minor,F major,F/A/C,Bb4,10,false,0.625,works as a soft lead into,"works as a soft lead into F major — subdominant / supportive lift harmony, and feels like a supportive lift before a return."
D-0016,D minor,D minor,D/F/A,A4,9,true,0.675,works as a soft lead into,"works as a soft lead into D minor — relative minor / reflective return harmony, and leans toward a reflective, grounding resolution."
D-0016,D minor,D minor,D/F/A,Bb4,10,false,0.675,works as a soft lead into,"works as a soft lead into D minor — relative minor / reflective return harmony, and leans toward a reflective, grounding resolution."
D-0017,D minor,C major,C/E/G,E4,4,true,0.625,works as a soft lead into,"works as a soft lead into C major — tonic / home harmony, and resolves cleanly to the home chord."
D-0017,D minor,C major,C/E/G,D4,2,false,0.625,works as a soft lead into,"works as a soft lead into C major — tonic / home harmony, and resolves cleanly to the home chord."
D-0017,D minor,F major,F/A/C,E4,4,false,0.35,barely fits,"barely fits F major — subdominant / supportive lift harmony, and feels like a supportive lift before a return."
D-0017,D minor,F major,F/A/C,D4,2,false,0.35,barely fits,"barely fits F major — subdominant / supportive lift harmony, and feels like a supportive lift before a return."
D-0017,D minor,G major,G/B/D,E4,4,false,0.675,works as a soft lead into,"works as a soft lead into G major — dominant / forward pull harmony, and pushes the phrase forward toward a strong resolution."
D-0017,D minor,G major,G/B/D,D4,2,true,0.675,works as a soft lead into,"works as a soft lead into G major — dominant / forward pull harmony, and pushes the phrase forward toward a strong resolution."
D-0017,D minor,D minor,D/F/A,E4,4,false,0.725,plays well next to,"plays well next to D minor — relative minor / reflective return harmony, and leans toward a reflective, grounding resolution."
D-0017,D minor,D minor,D/F/A,D4,2,true,0.725,plays well next to,"plays well next to D minor — relative minor / reflective return harmony, and leans toward a reflective, grounding resolution."
D-0018,D minor,F major,F/A/C,Bb4,10,false,0.675,works as a soft lead into,"works as a soft lead into F major — subdominant / supportive lift harmony, and feels like a supportive lift before a return."
D-0018,D minor,F major,F/A/C,C4,0,true,0.675,works as a soft lead into,"works as a soft lead into F major — subdominant / supportive lift harmony, and feels like a supportive lift before a return."
D-0018,D minor,D minor,D/F/A,Bb4,10,false,0.4,barely fits,"barely fits D minor — relative minor / reflective return harmony, and leans toward a reflective, grounding resolution."
D-0018,D minor,D minor,D/F/A,C4,0,false,0.4,barely fits,"barely fits D minor — relative minor / reflective return harmony, and leans toward a reflective, grounding resolution."
D-0019,D minor,C major,C/E/G,D4,2,false,0.35,barely fits,"barely fits C major — tonic / home harmony, and resolves cleanly to the home chord."
D-0019,D minor,C major,C/E/G,F4,5,false,0.35,barely fits,"barely fits C major — tonic / home harmony, and resolves cleanly to the home chord."
D-0019,D minor,F major,F/A/C,D4,2,false,0.675,works as a soft lead into,"works as a soft lead into F major — subdominant / supportive lift harmony, and feels like a supportive lift before a return."
D-0019,D minor,F major,F/A/C,F4,5,true,0.675,works as a soft lead into,"works as a soft lead into F major — subdominant / supportive lift harmony, and feels like a supportive lift before a return."
D-0019,D minor,D minor,D/F/A,D4,2,true,1.0,strongly resolves to,"strongly resolves to D minor — relative minor / reflective return harmony, and leans toward a reflective, grounding resolution."
D-0019,D minor,D minor,D/F/A,F4,5,true,1.0,strongly resolves to,"strongly resolves to D minor — relative minor / reflective return harmony, and leans toward a reflective, grounding resolution."
D-0020,D minor,C major,C/E/G,F4,5,false,0.675,works as a soft lead into,"works as a soft lead into C major — tonic / home harmony, and resolves cleanly to the home chord."
D-0020,D minor,C major,C/E/G,G4,7,true,0.675,works as a soft lead into,"works as a soft lead into C major — tonic / home harmony, and resolves cleanly to the home chord."
D-0020,D minor,F major,F/A/C,F4,5,true,0.625,works as a soft lead into,"works as a soft lead into F major — subdominant / supportive lift harmony, and feels like a supportive lift before a return."
D-0020,D minor,F major,F/A/C,G4,7,false,0.625,works as a soft lead into,"works as a soft lead into F major — subdominant / supportive lift harmony, and feels like a supportive lift before a return."
D-0020,D minor,D minor,D/F/A,F4,5,true,0.675,works as a soft lead into,"works as a soft lead into D minor — relative minor / reflective return harmony, and leans toward a reflective, grounding resolution."
D-0020,D minor,D minor,D/F/A,G4,7,false,0.675,works as a soft lead into,"works as a soft lead into D minor — relative minor / reflective return harmony, and leans toward a reflective, grounding resolution."
D-0021,D minor,C major,C/E/G,D4,2,false,0.675,works as a soft lead into,"works as a soft lead into C major — tonic / home harmony, and resolves cleanly to the home chord."
D-0021,D minor,C major,C/E/G,E4,4,true,0.675,works as a soft lead into,"works as a soft lead into C major — tonic / home harmony, and resolves cleanly to the home chord."
D-0021,D minor,C major,C/E/G,F4,5,false,0.675,works as a soft lead into,"works as a soft lead into C major — tonic / home harmony, and resolves cleanly to the home chord."
D-0021,D minor,C major,C/E/G,G4,7,true,0.675,works as a soft lead into,"works as a soft lead into C major — tonic / home harmony, and resolves cleanly to the home chord."
D-0021,D minor,F major,F/A/C,D4,2,false,0.438,barely fits,"barely fits F major — subdominant / supportive lift harmony, and feels like a supportive lift before a return."
D-0021,D minor,F major,F/A/C,E4,4,false,0.438,barely fits,"barely fits F major — subdominant / supportive lift harmony, and feels like a supportive lift before a return."
D-0021,D minor,F major,F/A/C,F4,5,true,0.438,barely fits,"barely fits F major — subdominant / supportive lift harmony, and feels like a supportive lift before a return."
D-0021,D minor,F major,F/A/C,G4,7,false,0.438,barely fits,"barely fits F major — subdominant / supportive lift harmony, and feels like a supportive lift before a return."
D-0021,D minor,D minor,D/F/A,D4,2,true,0.675,works as a soft lead into,"works as a soft lead into D minor — relative minor / reflective return harmony, and leans toward a reflective, grounding resolution."
D-0021,D minor,D minor,D/F/A,E4,4,false,0.675,works as a soft lead into,"works as a soft lead into D minor — relative minor / reflective return harmony, and leans toward a reflective, grounding resolution."
D-0021,D minor,D minor,D/F/A,F4,5,true,0.675,works as a soft lead into,"works as a soft lead into D minor — relative minor / reflective return harmony, and leans toward a reflective, grounding resolution."
D-0021,D minor,D minor,D/F/A,G4,7,false,0.675,works as a soft lead into,"works as a soft lead into D minor — relative minor / reflective return harmony, and leans toward a reflective, grounding resolution."
D-0022,D minor,C major,C/E/G,G4,7,true,0.625,works as a soft lead into,"works as a soft lead into C major — tonic / home harmony, and resolves cleanly to the home chord."
D-0022,D minor,C major,C/E/G,F4,5,false,0.625,works as a soft lead into,"works as a soft lead into C major — tonic / home harmony, and resolves cleanly to the home chord."
D-0022,D minor,C major,C/E/G,E4,4,true,0.625,works as a soft lead into,"works as a soft lead into C major — tonic / home harmony, and resolves cleanly to the home chord."
D-0022,D minor,C major,C/E/G,D4,2,false,0.625,works as a soft lead into,"works as a soft lead into C major — tonic / home harmony, and resolves cleanly to the home chord."
D-0022,D minor,F major,F/A/C,G4,7,false,0.438,barely fits,"barely fits F major — subdominant / supportive lift harmony, and feels like a supportive lift before a return."
D-0022,D minor,F major,F/A/C,F4,5,true,0.438,barely fits,"barely fits F major — subdominant / supportive lift harmony, and feels like a supportive lift before a return."
D-0022,D minor,F major,F/A/C,E4,4,false,0.438,barely fits,"barely fits F major — subdominant / supportive lift harmony, and feels like a supportive lift before a return."
D-0022,D minor,F major,F/A/C,D4,2,false,0.438,barely fits,"barely fits F major — subdominant / supportive lift harmony, and feels like a supportive lift before a return."
D-0022,D minor,D minor,D/F/A,G4,7,false,0.725,plays well next to,"plays well next to D minor — relative minor / reflective return harmony, and leans toward a reflective, grounding resolution."
D-0022,D minor,D minor,D/F/A,F4,5,true,0.725,plays well next to,"plays well next to D minor — relative minor / reflective return harmony, and leans toward a reflective, grounding resolution."
D-0022,D minor,D minor,D/F/A,E4,4,false,0.725,plays well next to,"plays well next to D minor — relative minor / reflective return harmony, and leans toward a reflective, grounding resolution."
D-0022,D minor,D minor,D/F/A,D4,2,true,0.725,plays well next to,"plays well next to D minor — relative minor / reflective return harmony, and leans toward a reflective, grounding resolution."
D-0023,D minor,C major,C/E/G,F4,5,false,0.675,works as a soft lead into,"works as a soft lead into C major — tonic / home harmony, and resolves cleanly to the home chord."
D-0023,D minor,C major,C/E/G,G4,7,true,0.675,works as a soft lead into,"works as a soft lead into C major — tonic / home harmony, and resolves cleanly to the home chord."
D-0023,D minor,C major,C/E/G,F4,5,false,0.675,works as a soft lead into,"works as a soft lead into C major — tonic / home harmony, and resolves cleanly to the home chord."
D-0023,D minor,C major,C/E/G,E4,4,true,0.675,works as a soft lead into,"works as a soft lead into C major — tonic / home harmony, and resolves cleanly to the home chord."
D-0023,D minor,F major,F/A/C,F4,5,true,0.625,works as a soft lead into,"works as a soft lead into F major — subdominant / supportive lift harmony, and feels like a supportive lift before a return."
D-0023,D minor,F major,F/A/C,G4,7,false,0.625,works as a soft lead into,"works as a soft lead into F major — subdominant / supportive lift harmony, and feels like a supportive lift before a return."
D-0023,D minor,F major,F/A/C,F4,5,true,0.625,works as a soft lead into,"works as a soft lead into F major — subdominant / supportive lift harmony, and feels like a supportive lift before a return."
D-0023,D minor,F major,F/A/C,E4,4,false,0.625,works as a soft lead into,"works as a soft lead into F major — subdominant / supportive lift harmony, and feels like a supportive lift before a return."
D-0023,D minor,D minor,D/F/A,F4,5,true,0.675,works as a soft lead into,"works as a soft lead into D minor — relative minor / reflective return harmony, and leans toward a reflective, grounding resolution."
D-0023,D minor,D minor,D/F/A,G4,7,false,0.675,works as a soft lead into,"works as a soft lead into D minor — relative minor / reflective return harmony, and leans toward a reflective, grounding resolution."
D-0023,D minor,D minor,D/F/A,F4,5,true,0.675,works as a soft lead into,"works as a soft lead into D minor — relative minor / reflective return harmony, and leans toward a reflective, grounding resolution."
D-0023,D minor,D minor,D/F/A,E4,4,false,0.675,works as a soft lead into,"works as a soft lead into D minor — relative minor / reflective return harmony, and leans toward a reflective, grounding resolution."
D-0024,D minor,F major,F/A/C,A4,9,true,0.862,strongly resolves to,"strongly resolves to F major — subdominant / supportive lift harmony, and feels like a supportive lift before a return."
D-0024,D minor,F major,F/A/C,Bb4,10,false,0.862,strongly resolves to,"strongly resolves to F major — subdominant / supportive lift harmony, and feels like a supportive lift before a return."
D-0024,D minor,F major,F/A/C,A4,9,true,0.862,strongly resolves to,"strongly resolves to F major — subdominant / supportive lift harmony, and feels like a supportive lift before a return."
D-0024,D minor,F major,F/A/C,C4,0,true,0.862,strongly resolves to,"strongly resolves to F major — subdominant / supportive lift harmony, and feels like a supportive lift before a return."
D-0024,D minor,D minor,D/F/A,A4,9,true,0.675,works as a soft lead into,"works as a soft lead into D minor — relative minor / reflective return harmony, and leans toward a reflective, grounding resolution."
D-0024,D minor,D minor,D/F/A,Bb4,10,false,0.675,works as a soft lead into,"works as a soft lead into D minor — relative minor / reflective return harmony, and leans toward a reflective, grounding resolution."
D-0024,D minor,D minor,D/F/A,A4,9,true,0.675,works as a soft lead into,"works as a soft lead into D minor — relative minor / reflective return harmony, and leans toward a reflective, grounding resolution."
D-0024,D minor,D minor,D/F/A,C4,0,false,0.675,works as a soft lead into,"works as a soft lead into D minor — relative minor / reflective return harmony, and leans toward a reflective, grounding resolution."
D-0025,D minor,F major,F/A/C,Bb4,10,false,0.675,works as a soft lead into,"works as a soft lead into F major — subdominant / supportive lift harmony, and feels like a supportive lift before a return."
D-0025,D minor,F major,F/A/C,C4,0,true,0.675,works as a soft lead into,"works as a soft lead into F major — subdominant / supportive lift harmony, and feels like a supportive lift before a return."
D-0025,D minor,F major,F/A/C,D4,2,false,0.675,works as a soft lead into,"works as a soft lead into F major — subdominant / supportive lift harmony, and feels like a supportive lift before a return."
D-0025,D minor,F major,F/A/C,F4,5,true,0.675,works as a soft lead into,"works as a soft lead into F major — subdominant / supportive lift harmony, and feels like a supportive lift before a return."
D-0025,D minor,D minor,D/F/A,Bb4,10,false,0.725,plays well next to,"plays well next to D minor — relative minor / reflective return harmony, and leans toward a reflective, grounding resolution."
D-0025,D minor,D minor,D/F/A,C4,0,false,0.725,plays well next to,"plays well next to D minor — relative minor / reflective return harmony, and leans toward a reflective, grounding resolution."
D-0025,D minor,D minor,D/F/A,D4,2,true,0.725,plays well next to,"plays well next to D minor — relative minor / reflective return harmony, and leans toward a reflective, grounding resolution."
D-0025,D minor,D minor,D/F/A,F4,5,true,0.725,plays well next to,"plays well next to D minor — relative minor / reflective return harmony, and leans toward a reflective, grounding resolution."
D-0026,D minor,C major,C/E/G,E4,4,true,0.625,works as a soft lead into,"works as a soft lead into C major — tonic / home harmony, and resolves cleanly to the home chord."
D-0026,D minor,C major,C/E/G,D4,2,false,0.625,works as a soft lead into,"works as a soft lead into C major — tonic / home harmony, and resolves cleanly to the home chord."
D-0026,D minor,C major,C/E/G,E4,4,true,0.625,works as a soft lead into,"works as a soft lead into C major — tonic / home harmony, and resolves cleanly to the home chord."
D-0026,D minor,C major,C/E/G,F4,5,false,0.625,works as a soft lead into,"works as a soft lead into C major — tonic / home harmony, and resolves cleanly to the home chord."
D-0026,D minor,F major,F/A/C,E4,4,false,0.588,loosely supports,"loosely supports F major — subdominant / supportive lift harmony, and feels like a supportive lift before a return."
D-0026,D minor,F major,F/A/C,D4,2,false,0.588,loosely supports,"loosely supports F major — subdominant / supportive lift harmony, and feels like a supportive lift before a return."
D-0026,D minor,F major,F/A/C,E4,4,false,0.588,loosely supports,"loosely supports F major — subdominant / supportive lift harmony, and feels like a supportive lift before a return."
D-0026,D minor,F major,F/A/C,F4,5,true,0.588,loosely supports,"loosely supports F major — subdominant / supportive lift harmony, and feels like a supportive lift before a return."
D-0026,D minor,D minor,D/F/A,E4,4,false,0.725,plays well next to,"plays well next to D minor — relative minor / reflective return harmony, and leans toward a reflective, grounding resolution."
D-0026,D minor,D minor,D/F/A,D4,2,true,0.725,plays well next to,"plays well next to D minor — relative minor / reflective return harmony, and leans toward a reflective, grounding resolution."
D-0026,D minor,D minor,D/F/A,E4,4,false,0.725,plays well next to,"plays well next to D minor — relative minor / reflective return harmony, and leans toward a reflective, grounding resolution."
D-0026,D minor,D minor,D/F/A,F4,5,true,0.725,plays well next to,"plays well next to D minor — relative minor / reflective return harmony, and leans toward a reflective, grounding resolution."
D-0027,D minor,C major,C/E/G,G4,7,true,0.625,works as a soft lead into,"works as a soft lead into C major — tonic / home harmony, and resolves cleanly to the home chord."
D-0027,D minor,C major,C/E/G,F4,5,false,0.625,works as a soft lead into,"works as a soft lead into C major — tonic / home harmony, and resolves cleanly to the home chord."
D-0027,D minor,C major,C/E/G,G4,7,true,0.625,works as a soft lead into,"works as a soft lead into C major — tonic / home harmony, and resolves cleanly to the home chord."
D-0027,D minor,C major,C/E/G,A4,9,false,0.625,works as a soft lead into,"works as a soft lead into C major — tonic / home harmony, and resolves cleanly to the home chord."
D-0027,D minor,F major,F/A/C,G4,7,false,0.675,works as a soft lead into,"works as a soft lead into F major — subdominant / supportive lift harmony, and feels like a supportive lift before a return."
D-0027,D minor,F major,F/A/C,F4,5,true,0.675,works as a soft lead into,"works as a soft lead into F major — subdominant / supportive lift harmony, and feels like a supportive lift before a return."
D-0027,D minor,F major,F/A/C,G4,7,false,0.675,works as a soft lead into,"works as a soft lead into F major — subdominant / supportive lift harmony, and feels like a supportive lift before a return."
D-0027,D minor,F major,F/A/C,A4,9,true,0.675,works as a soft lead into,"works as a soft lead into F major — subdominant / supportive lift harmony, and feels like a supportive lift before a return."
D-0027,D minor,D minor,D/F/A,G4,7,false,0.725,plays well next to,"plays well next to D minor — relative minor / reflective return harmony, and leans toward a reflective, grounding resolution."
D-0027,D minor,D minor,D/F/A,F4,5,true,0.725,plays well next to,"plays well next to D minor — relative minor / reflective return harmony, and leans toward a reflective, grounding resolution."
D-0027,D minor,D minor,D/F/A,G4,7,false,0.725,plays well next to,"plays well next to D minor — relative minor / reflective return harmony, and leans toward a reflective, grounding resolution."
D-0027,D minor,D minor,D/F/A,A4,9,true,0.725,plays well next to,"plays well next to D minor — relative minor / reflective return harmony, and leans toward a reflective, grounding resolution."
D-0028,D minor,C major,C/E/G,D4,2,false,0.35,barely fits,"barely fits C major — tonic / home harmony, and resolves cleanly to the home chord."
D-0028,D minor,C major,C/E/G,F4,5,false,0.35,barely fits,"barely fits C major — tonic / home harmony, and resolves cleanly to the home chord."
D-0028,D minor,C major,C/E/G,A4,9,false,0.35,barely fits,"barely fits C major — tonic / home harmony, and resolves cleanly to the home chord."
D-0028,D minor,C major,C/E/G,F4,5,false,0.35,barely fits,"barely fits C major — tonic / home harmony, and resolves cleanly to the home chord."
D-0028,D minor,F major,F/A/C,D4,2,false,0.762,plays well next to,"plays well next to F major — subdominant / supportive lift harmony, and feels like a supportive lift before a return."
D-0028,D minor,F major,F/A/C,F4,5,true,0.762,plays well next to,"plays well next to F major — subdominant / supportive lift harmony, and feels like a supportive lift before a return."
D-0028,D minor,F major,F/A/C,A4,9,true,0.762,plays well next to,"plays well next to F major — subdominant / supportive lift harmony, and feels like a supportive lift before a return."
D-0028,D minor,F major,F/A/C,F4,5,true,0.762,plays well next to,"plays well next to F major — subdominant / supportive lift harmony, and feels like a supportive lift before a return."
D-0028,D minor,D minor,D/F/A,D4,2,true,1.0,strongly resolves to,"strongly resolves to D minor — relative minor / reflective return harmony, and leans toward a reflective, grounding resolution."
D-0028,D minor,D minor,D/F/A,F4,5,true,1.0,strongly resolves to,"strongly resolves to D minor — relative minor / reflective return harmony, and leans toward a reflective, grounding resolution."
D-0028,D minor,D minor,D/F/A,A4,9,true,1.0,strongly resolves to,"strongly resolves to D minor — relative minor / reflective return harmony, and leans toward a reflective, grounding resolution."
D-0028,D minor,D minor,D/F/A,F4,5,true,1.0,strongly resolves to,"strongly resolves to D minor — relative minor / reflective return harmony, and leans toward a reflective, grounding resolution."
D-0029,D minor,C major,C/E/G,D4,2,false,0.35,barely fits,"barely fits C major — tonic / home harmony, and resolves cleanly to the home chord."
D-0029,D minor,C major,C/E/G,F4,5,false,0.35,barely fits,"barely fits C major — tonic / home harmony, and resolves cleanly to the home chord."
D-0029,D minor,C major,C/E/G,A4,9,false,0.35,barely fits,"barely fits C major — tonic / home harmony, and resolves cleanly to the home chord."
D-0029,D minor,F major,F/A/C,D4,2,false,0.733,plays well next to,"plays well next to F major — subdominant / supportive lift harmony, and feels like a supportive lift before a return."
D-0029,D minor,F major,F/A/C,F4,5,true,0.733,plays well next to,"plays well next to F major — subdominant / supportive lift harmony, and feels like a supportive lift before a return."
D-0029,D minor,F major,F/A/C,A4,9,true,0.733,plays well next to,"plays well next to F major — subdominant / supportive lift harmony, and feels like a supportive lift before a return."
D-0029,D minor,D minor,D/F/A,D4,2,true,1.0,strongly resolves to,"strongly resolves to D minor — relative minor / reflective return harmony, and leans toward a reflective, grounding resolution."
D-0029,D minor,D minor,D/F/A,F4,5,true,1.0,strongly resolves to,"strongly resolves to D minor — relative minor / reflective return harmony, and leans toward a reflective, grounding resolution."
D-0029,D minor,D minor,D/F/A,A4,9,true,1.0,strongly resolves to,"strongly resolves to D minor — relative minor / reflective return harmony, and leans toward a reflective, grounding resolution."
D-0030,D minor,C major,C/E/G,A4,9,false,0.467,loosely supports,"loosely supports C major — tonic / home harmony, and resolves cleanly to the home chord."
D-0030,D minor,C major,C/E/G,C4,0,true,0.467,loosely supports,"loosely supports C major — tonic / home harmony, and resolves cleanly to the home chord."
D-0030,D minor,C major,C/E/G,D4,2,false,0.467,loosely supports,"loosely supports C major — tonic / home harmony, and resolves cleanly to the home chord."
D-0030,D minor,F major,F/A/C,A4,9,true,0.683,works as a soft lead into,"works as a soft lead into F major — subdominant / supportive lift harmony, and feels like a supportive lift before a return."
D-0030,D minor,F major,F/A/C,C4,0,true,0.683,works as a soft lead into,"works as a soft lead into F major — subdominant / supportive lift harmony, and feels like a supportive lift before a return."
D-0030,D minor,F major,F/A/C,D4,2,false,0.683,works as a soft lead into,"works as a soft lead into F major — subdominant / supportive lift harmony, and feels like a supportive lift before a return."
D-0030,D minor,G major,G/B/D,A4,9,false,0.617,works as a soft lead into,"works as a soft lead into G major — dominant / forward pull harmony, and pushes the phrase forward toward a strong resolution."
D-0030,D minor,G major,G/B/D,C4,0,false,0.617,works as a soft lead into,"works as a soft lead into G major — dominant / forward pull harmony, and pushes the phrase forward toward a strong resolution."
D-0030,D minor,G major,G/B/D,D4,2,true,0.617,works as a soft lead into,"works as a soft lead into G major — dominant / forward pull harmony, and pushes the phrase forward toward a strong resolution."
D-0030,D minor,D minor,D/F/A,A4,9,true,0.883,strongly resolves to,"strongly resolves to D minor — relative minor / reflective return harmony, and leans toward a reflective, grounding resolution."
D-0030,D minor,D minor,D/F/A,C4,0,false,0.883,strongly resolves to,"strongly resolves to D minor — relative minor / reflective return harmony, and leans toward a reflective, grounding resolution."
D-0030,D minor,D minor,D/F/A,D4,2,true,0.883,strongly resolves to,"strongly resolves to D minor — relative minor / reflective return harmony, and leans toward a reflective, grounding resolution."
